/*
SQLyog Enterprise v12.09 (64 bit)
MySQL - 5.7.25 : Database - krz_hris_v3
*********************************************************************
*/

/*!40101 SET NAMES utf8 */;

/*!40101 SET SQL_MODE=''*/;

/*!40014 SET @OLD_UNIQUE_CHECKS=@@UNIQUE_CHECKS, UNIQUE_CHECKS=0 */;
/*!40014 SET @OLD_FOREIGN_KEY_CHECKS=@@FOREIGN_KEY_CHECKS, FOREIGN_KEY_CHECKS=0 */;
/*!40101 SET @OLD_SQL_MODE=@@SQL_MODE, SQL_MODE='NO_AUTO_VALUE_ON_ZERO' */;
/*!40111 SET @OLD_SQL_NOTES=@@SQL_NOTES, SQL_NOTES=0 */;
CREATE DATABASE /*!32312 IF NOT EXISTS*/`krz_hris_v3` /*!40100 DEFAULT CHARACTER SET latin1 */;

USE `krz_hris_v3`;

/*Table structure for table `applicants` */

DROP TABLE IF EXISTS `applicants`;

CREATE TABLE `applicants` (
  `id` int(10) unsigned NOT NULL AUTO_INCREMENT,
  `user_id` int(11) NOT NULL,
  `jobhiring_id` int(11) NOT NULL,
  `status` int(11) NOT NULL DEFAULT '0' COMMENT '0 = pending, 1 = approved, 2 = for interview , 3 = declined',
  `is_read` int(11) NOT NULL DEFAULT '0',
  `created_at` timestamp NULL DEFAULT NULL,
  `updated_at` timestamp NULL DEFAULT NULL,
  `deleted_at` timestamp NULL DEFAULT NULL,
  PRIMARY KEY (`id`)
) ENGINE=InnoDB AUTO_INCREMENT=40 DEFAULT CHARSET=utf8mb4 COLLATE=utf8mb4_unicode_ci;

/*Data for the table `applicants` */

insert  into `applicants`(`id`,`user_id`,`jobhiring_id`,`status`,`is_read`,`created_at`,`updated_at`,`deleted_at`) values (10,96,4,0,1,'2019-12-01 20:35:53','2019-12-28 02:57:54',NULL),(11,96,5,0,1,'2019-12-01 20:37:26','2019-12-22 17:02:47',NULL),(12,99,4,0,1,'2019-12-01 20:44:54','2019-12-28 02:57:54',NULL),(13,99,5,0,1,'2019-12-01 20:45:02','2019-12-22 17:02:47',NULL),(14,103,4,0,1,'2019-12-01 22:09:21','2019-12-28 02:57:54',NULL),(15,110,5,0,1,'2019-12-01 22:35:40','2019-12-22 17:02:47',NULL),(16,110,4,0,1,'2019-12-01 22:35:46','2019-12-28 02:57:54',NULL),(17,111,5,0,1,'2019-12-01 22:39:53','2019-12-22 17:02:47',NULL),(18,112,4,0,1,'2019-12-01 23:12:15','2019-12-28 02:57:54',NULL),(19,113,4,0,1,'2019-12-01 23:33:49','2019-12-28 02:57:54',NULL),(20,113,5,0,1,'2019-12-01 23:34:03','2019-12-22 17:02:47',NULL),(21,114,4,0,1,'2019-12-03 16:09:40','2019-12-28 02:57:54',NULL),(22,29,4,0,1,'2019-12-03 18:41:54','2019-12-28 02:57:54',NULL),(23,115,5,0,1,'2019-12-03 18:42:33','2019-12-22 17:02:47',NULL),(24,115,4,0,1,'2019-12-03 18:43:15','2019-12-28 02:57:54',NULL),(25,116,5,0,1,'2019-12-03 19:10:57','2019-12-22 17:02:47',NULL),(26,116,4,0,1,'2019-12-03 19:11:23','2019-12-28 02:57:54',NULL),(27,117,4,0,1,'2019-12-04 10:09:40','2019-12-28 02:57:54',NULL),(28,117,5,0,1,'2019-12-04 10:09:53','2019-12-22 17:02:47',NULL),(29,118,5,0,1,'2019-12-04 20:39:07','2019-12-22 17:02:47',NULL),(30,118,4,0,1,'2019-12-04 20:39:10','2019-12-28 02:57:54',NULL),(31,119,4,0,1,'2019-12-16 16:15:56','2019-12-28 02:57:54',NULL),(32,120,5,0,1,'2019-12-16 16:18:15','2019-12-22 17:02:47',NULL),(33,121,5,0,1,'2019-12-16 16:41:24','2019-12-22 17:02:47',NULL),(34,4,4,0,0,'2019-12-28 08:55:30','2019-12-28 08:55:30',NULL),(35,123,4,0,0,'2019-12-28 10:16:12','2019-12-28 10:16:12',NULL),(36,4,6,0,0,'2019-12-28 16:46:50','2019-12-28 16:46:50',NULL),(37,123,6,0,0,'2019-12-28 18:53:38','2019-12-28 18:53:38',NULL),(38,124,6,0,0,'2019-12-28 18:54:11','2019-12-28 18:54:11',NULL),(39,124,5,0,0,'2019-12-30 14:20:17','2019-12-30 14:20:17',NULL);

/*Table structure for table `failed_jobs` */

DROP TABLE IF EXISTS `failed_jobs`;

CREATE TABLE `failed_jobs` (
  `id` bigint(20) unsigned NOT NULL AUTO_INCREMENT,
  `connection` text COLLATE utf8mb4_unicode_ci NOT NULL,
  `queue` text COLLATE utf8mb4_unicode_ci NOT NULL,
  `payload` longtext COLLATE utf8mb4_unicode_ci NOT NULL,
  `exception` longtext COLLATE utf8mb4_unicode_ci NOT NULL,
  `failed_at` timestamp NOT NULL DEFAULT CURRENT_TIMESTAMP,
  PRIMARY KEY (`id`)
) ENGINE=InnoDB DEFAULT CHARSET=utf8mb4 COLLATE=utf8mb4_unicode_ci;

/*Data for the table `failed_jobs` */

/*Table structure for table `jobhirings` */

DROP TABLE IF EXISTS `jobhirings`;

CREATE TABLE `jobhirings` (
  `id` int(10) unsigned NOT NULL AUTO_INCREMENT,
  `created_at` timestamp NULL DEFAULT NULL,
  `updated_at` timestamp NULL DEFAULT NULL,
  `deleted_at` timestamp NULL DEFAULT NULL,
  `title` varchar(255) COLLATE utf8mb4_unicode_ci DEFAULT NULL,
  `description` text COLLATE utf8mb4_unicode_ci,
  `requirements` text COLLATE utf8mb4_unicode_ci,
  `responsibilities` text COLLATE utf8mb4_unicode_ci,
  `others` text COLLATE utf8mb4_unicode_ci,
  `location` text COLLATE utf8mb4_unicode_ci,
  `how_to_apply` text COLLATE utf8mb4_unicode_ci,
  `slot` int(11) DEFAULT NULL,
  `position` text COLLATE utf8mb4_unicode_ci,
  `skill_requirement` text COLLATE utf8mb4_unicode_ci,
  `available_from` date DEFAULT NULL,
  `available_to` date DEFAULT NULL,
  `email_address` varchar(255) COLLATE utf8mb4_unicode_ci DEFAULT NULL,
  `is_active` tinyint(1) DEFAULT '1',
  `user_id` int(11) DEFAULT NULL,
  PRIMARY KEY (`id`)
) ENGINE=InnoDB AUTO_INCREMENT=7 DEFAULT CHARSET=utf8mb4 COLLATE=utf8mb4_unicode_ci;

/*Data for the table `jobhirings` */

insert  into `jobhirings`(`id`,`created_at`,`updated_at`,`deleted_at`,`title`,`description`,`requirements`,`responsibilities`,`others`,`location`,`how_to_apply`,`slot`,`position`,`skill_requirement`,`available_from`,`available_to`,`email_address`,`is_active`,`user_id`) values (1,'2019-11-03 02:23:02','2019-11-03 03:36:30','2019-11-03 03:36:30','Voluptate ducimus d','Optio at possimus','Esse adipisci ad vi','Fugiat id dignissi','Voluptatem Harum pr','Officia aliqua Ea n','Ex ipsam possimus c',66,'85','Consequatur quae vol','1996-02-10','1972-11-14','veqiz@mailinator.com',1,4),(2,'2019-11-03 02:23:56','2019-11-03 03:36:34','2019-11-03 03:36:34','Delectus provident','Voluptatibus dolore','Non tempore non ven','Autem sint fugit al','Sint vero ipsa mol','Voluptates repellend','Eos velit quam aut n',70,'87','Eum dolorem facilis','1985-12-09','2006-11-04','guniviti@mailinator.net',1,4),(3,'2019-11-03 03:36:13','2019-11-03 03:36:27','2019-11-03 03:36:27',NULL,NULL,NULL,NULL,NULL,NULL,NULL,NULL,NULL,NULL,NULL,NULL,NULL,1,4),(4,'2019-11-03 03:36:44','2019-12-22 18:37:28',NULL,'Blanditiis ipsum in xxx','Optio beatae sunt','Aperiam illum omnis','Odio ipsa enim cons','Aut quas duis delect','Facere ex aperiam in','Ex sit reiciendis as',42,'83','Suscipit maxime in i','2009-05-25','2018-07-10','fomyp@mailinator.net',1,4),(5,'2019-11-03 03:36:56','2019-11-03 03:36:56',NULL,'Corrupti quibusdam','Voluptate numquam do','Dignissimos culpa i','Enim rem sit cumque','Ut ad consequatur r','Id fugiat molestiae','Quia accusamus exped',44,'38','Ut rerum molestias a','2003-04-16','1985-11-12','jatozomyb@mailinator.com',1,4),(6,'2019-12-28 10:44:08','2019-12-28 10:44:08',NULL,'Voluptatem In minim','* BOOasd asd asdas d  daasdd wa adkefmawd;s dwe d asdasda ad asd ad ada dewwg ret r wsrqtqwt q3t wrt ertaert 4wyw 4r\r\n* BOOasd asd asdas d  daasdd wa adkefmawd;s dwe d asdasda ad asd ad ada dewwg ret r wsrqtqwt q3t wrt ertaert 4wyw 4r\r\n* BOOasd asd asdas d  daasdd wa adkefmawd;s dwe d asdasda ad asd ad ada dewwg ret r wsrqtqwt q3t wrt ertaert 4wyw 4r\r\n* BOOasd asd asdas d  daasdd wa adkefmawd;s dwe d asdasda ad asd ad ada dewwg ret r wsrqtqwt q3t wrt ertaert 4wyw 4r\r\n* BOOasd asd asdas d  daasdd wa adkefmawd;s dwe d asdasda ad asd ad ada dewwg ret r wsrqtqwt q3t wrt ertaert 4wyw 4r\r\n* BOOasd asd asdas d  daasdd wa adkefmawd;s dwe d asdasda ad asd ad ada dewwg ret r wsrqtqwt q3t wrt ertaert 4wyw 4r','Jhonar BOOasd asd asdas d  daasdd wa adkefmawd;s dwe d asdasda ad asd ad ada dewwg ret r wsrqtqwt q3t wrt ertaert 4wyw 4r\r\n* BOOasd asd asdas d  daasdd wa adkefmawd;s dwe d asdasda ad asd ad ada dewwg ret r wsrqtqwt q3t wrt ertaert 4wyw 4r\r\n* BOOasd asd asdas d  daasdd wa adkefmawd;s dwe d asdasda ad asd ad ada dewwg ret r wsrqtqwt q3t wrt ertaert 4wyw 4r\r\n* BOOasd asd asdas d  daasdd wa adkefmawd;s dwe d asdasda ad asd ad ada dewwg ret r wsrqtqwt q3t wrt ertaert 4wyw 4r\r\n* BOOasd asd asdas d  daasdd wa adkefmawd;s dwe d asdasda ad asd ad ada dewwg ret r wsrqtqwt q3t wrt ertaert 4wyw 4r\r\n* BOOasd asd asdas d  daasdd wa adkefmawd;s dwe d asdasda ad asd ad ada dewwg ret r wsrqtqwt q3t wrt ertaert 4wyw 4r','* BOOasd asd asdas d  daasdd wa adkefmawd;s dwe d asdasda ad asd ad ada dewwg ret r wsrqtqwt q3t wrt ertaert 4wyw 4r\r\n* BOOasd asd asdas d  daasdd wa adkefmawd;s dwe d asdasda ad asd ad ada dewwg ret r wsrqtqwt q3t wrt ertaert 4wyw 4r\r\n* BOOasd asd asdas d  daasdd wa adkefmawd;s dwe d asdasda ad asd ad ada dewwg ret r wsrqtqwt q3t wrt ertaert 4wyw 4r\r\n* BOOasd asd asdas d  daasdd wa adkefmawd;s dwe d asdasda ad asd ad ada dewwg ret r wsrqtqwt q3t wrt ertaert 4wyw 4r\r\n* BOOasd asd asdas d  daasdd wa adkefmawd;s dwe d asdasda ad asd ad ada dewwg ret r wsrqtqwt q3t wrt ertaert 4wyw 4r\r\n* BOOasd asd asdas d  daasdd wa adkefmawd;s dwe d asdasda ad asd ad ada dewwg ret r wsrqtqwt q3t wrt ertaert 4wyw 4r','* BOOasd asd asdas d  daasdd wa adkefmawd;s dwe d asdasda ad asd ad ada dewwg ret r wsrqtqwt q3t wrt ertaert 4wyw 4r\r\n* BOOasd asd asdas d  daasdd wa adkefmawd;s dwe d asdasda ad asd ad ada dewwg ret r wsrqtqwt q3t wrt ertaert 4wyw 4r\r\n* BOOasd asd asdas d  daasdd wa adkefmawd;s dwe d asdasda ad asd ad ada dewwg ret r wsrqtqwt q3t wrt ertaert 4wyw 4r\r\n* BOOasd asd asdas d  daasdd wa adkefmawd;s dwe d asdasda ad asd ad ada dewwg ret r wsrqtqwt q3t wrt ertaert 4wyw 4r\r\n* BOOasd asd asdas d  daasdd wa adkefmawd;s dwe d asdasda ad asd ad ada dewwg ret r wsrqtqwt q3t wrt ertaert 4wyw 4r\r\n* BOOasd asd asdas d  daasdd wa adkefmawd;s dwe d asdasda ad asd ad ada dewwg ret r wsrqtqwt q3t wrt ertaert 4wyw 4r','A quia nisi quam und','Omnis deleniti sed m',51,'Cupidatat aliquid il','In consequat Tenetu','1983-01-18','1990-07-17','rihyj@mailinator.com',1,44);

/*Table structure for table `karlcruds` */

DROP TABLE IF EXISTS `karlcruds`;

CREATE TABLE `karlcruds` (
  `id` int(10) unsigned NOT NULL AUTO_INCREMENT,
  `created_at` timestamp NULL DEFAULT NULL,
  `updated_at` timestamp NULL DEFAULT NULL,
  `Name` varchar(255) COLLATE utf8mb4_unicode_ci DEFAULT NULL,
  `Address` text COLLATE utf8mb4_unicode_ci,
  PRIMARY KEY (`id`)
) ENGINE=InnoDB AUTO_INCREMENT=2 DEFAULT CHARSET=utf8mb4 COLLATE=utf8mb4_unicode_ci;

/*Data for the table `karlcruds` */

insert  into `karlcruds`(`id`,`created_at`,`updated_at`,`Name`,`Address`) values (1,'2019-11-03 00:35:54','2019-11-03 00:35:54','asdasd','asdasd');

/*Table structure for table `messages` */

DROP TABLE IF EXISTS `messages`;

CREATE TABLE `messages` (
  `id` int(10) unsigned NOT NULL AUTO_INCREMENT,
  `created_at` timestamp NULL DEFAULT NULL,
  `updated_at` timestamp NULL DEFAULT NULL,
  `deleted_at` timestamp NULL DEFAULT NULL,
  `jh_id` int(11) DEFAULT NULL,
  `user_id` int(11) DEFAULT NULL,
  `message` text COLLATE utf8mb4_unicode_ci,
  `sent_by` int(11) DEFAULT NULL,
  `is_read` int(11) DEFAULT '0',
  PRIMARY KEY (`id`)
) ENGINE=InnoDB AUTO_INCREMENT=9 DEFAULT CHARSET=utf8mb4 COLLATE=utf8mb4_unicode_ci;

/*Data for the table `messages` */

insert  into `messages`(`id`,`created_at`,`updated_at`,`deleted_at`,`jh_id`,`user_id`,`message`,`sent_by`,`is_read`) values (1,'2019-12-04 20:19:02','2019-12-04 20:19:02',NULL,4,96,'asdasdasdasd',4,0),(2,'2019-12-04 20:38:34','2019-12-04 20:38:34',NULL,4,99,'asdadasdasdasdasd',4,0),(3,'2019-12-04 20:50:53','2019-12-04 20:50:53',NULL,4,118,'SURE UY!!!',4,0),(4,'2019-12-04 21:05:56','2019-12-04 21:05:56',NULL,4,115,'adadasd',4,0),(5,'2019-12-04 21:11:13','2019-12-04 21:11:13',NULL,4,103,'zzzzzzzzzzzzzzzzzzzzzzzzz',4,0),(6,'2019-12-22 15:22:44','2019-12-22 17:36:16',NULL,5,121,'New Message',4,1),(7,'2019-12-22 15:29:32','2019-12-22 15:29:32',NULL,5,120,'aaaaa',4,0),(8,'2019-12-22 15:31:05','2019-12-22 15:31:05',NULL,5,118,'asdasd',4,0);

/*Table structure for table `migrations` */

DROP TABLE IF EXISTS `migrations`;

CREATE TABLE `migrations` (
  `id` int(10) unsigned NOT NULL AUTO_INCREMENT,
  `migration` varchar(255) COLLATE utf8mb4_unicode_ci NOT NULL,
  `batch` int(11) NOT NULL,
  PRIMARY KEY (`id`)
) ENGINE=InnoDB AUTO_INCREMENT=21 DEFAULT CHARSET=utf8mb4 COLLATE=utf8mb4_unicode_ci;

/*Data for the table `migrations` */

insert  into `migrations`(`id`,`migration`,`batch`) values (5,'2014_10_12_000000_create_users_table',1),(6,'2014_10_12_100000_create_password_resets_table',1),(7,'2016_01_01_193651_create_roles_permissions_tables',1),(8,'2019_08_19_000000_create_failed_jobs_table',1),(9,'2019_11_02_131429_create_profiles_table',2),(10,'2019_11_02_173231_create_posts_table',2),(11,'2019_11_02_173337_create_tests_table',2),(12,'2019_11_02_175502_create_sample_cruds_table',2),(13,'2019_11_02_185740_create_test_agains_table',3),(14,'2019_11_02_191401_create_newagains_table',4),(15,'2019_11_02_191554_create_newagaintest_c_ns_table',5),(16,'2019_11_03_003507_create_karlcruds_table',6),(17,'2019_11_03_021336_create_lasttests_table',7),(18,'2019_11_03_022233_create_jobhirings_table',8),(19,'2019_12_01_182043_create_applicants_table',9),(20,'2019_12_04_191226_create_messages_table',10);

/*Table structure for table `newagains` */

DROP TABLE IF EXISTS `newagains`;

CREATE TABLE `newagains` (
  `id` int(10) unsigned NOT NULL AUTO_INCREMENT,
  `created_at` timestamp NULL DEFAULT NULL,
  `updated_at` timestamp NULL DEFAULT NULL,
  `name` varchar(255) COLLATE utf8mb4_unicode_ci DEFAULT NULL,
  `desc` varchar(255) COLLATE utf8mb4_unicode_ci DEFAULT NULL,
  PRIMARY KEY (`id`)
) ENGINE=InnoDB DEFAULT CHARSET=utf8mb4 COLLATE=utf8mb4_unicode_ci;

/*Data for the table `newagains` */

/*Table structure for table `newagaintest_c_ns` */

DROP TABLE IF EXISTS `newagaintest_c_ns`;

CREATE TABLE `newagaintest_c_ns` (
  `id` int(10) unsigned NOT NULL AUTO_INCREMENT,
  `created_at` timestamp NULL DEFAULT NULL,
  `updated_at` timestamp NULL DEFAULT NULL,
  `name` text COLLATE utf8mb4_unicode_ci,
  PRIMARY KEY (`id`)
) ENGINE=InnoDB DEFAULT CHARSET=utf8mb4 COLLATE=utf8mb4_unicode_ci;

/*Data for the table `newagaintest_c_ns` */

/*Table structure for table `password_resets` */

DROP TABLE IF EXISTS `password_resets`;

CREATE TABLE `password_resets` (
  `email` varchar(255) COLLATE utf8mb4_unicode_ci NOT NULL,
  `token` varchar(255) COLLATE utf8mb4_unicode_ci NOT NULL,
  `created_at` timestamp NULL DEFAULT NULL,
  KEY `password_resets_email_index` (`email`)
) ENGINE=InnoDB DEFAULT CHARSET=utf8mb4 COLLATE=utf8mb4_unicode_ci;

/*Data for the table `password_resets` */

/*Table structure for table `permission_role` */

DROP TABLE IF EXISTS `permission_role`;

CREATE TABLE `permission_role` (
  `permission_id` int(10) unsigned NOT NULL,
  `role_id` int(10) unsigned NOT NULL,
  PRIMARY KEY (`permission_id`,`role_id`),
  KEY `permission_role_role_id_foreign` (`role_id`),
  CONSTRAINT `permission_role_permission_id_foreign` FOREIGN KEY (`permission_id`) REFERENCES `permissions` (`id`) ON DELETE CASCADE,
  CONSTRAINT `permission_role_role_id_foreign` FOREIGN KEY (`role_id`) REFERENCES `roles` (`id`) ON DELETE CASCADE
) ENGINE=InnoDB DEFAULT CHARSET=utf8mb4 COLLATE=utf8mb4_unicode_ci;

/*Data for the table `permission_role` */

insert  into `permission_role`(`permission_id`,`role_id`) values (1,3),(2,3),(2,4),(3,5);

/*Table structure for table `permissions` */

DROP TABLE IF EXISTS `permissions`;

CREATE TABLE `permissions` (
  `id` int(10) unsigned NOT NULL AUTO_INCREMENT,
  `name` varchar(255) COLLATE utf8mb4_unicode_ci NOT NULL,
  `label` varchar(255) COLLATE utf8mb4_unicode_ci DEFAULT NULL,
  `created_at` timestamp NULL DEFAULT NULL,
  `updated_at` timestamp NULL DEFAULT NULL,
  PRIMARY KEY (`id`)
) ENGINE=InnoDB AUTO_INCREMENT=4 DEFAULT CHARSET=utf8mb4 COLLATE=utf8mb4_unicode_ci;

/*Data for the table `permissions` */

insert  into `permissions`(`id`,`name`,`label`,`created_at`,`updated_at`) values (1,'All Permission','All Permission','2019-11-02 19:26:18','2019-11-02 19:26:18'),(2,'User Permissions Only','User Permissions Only','2019-11-02 19:27:39','2019-11-02 19:27:39'),(3,'jobseekers permission','jobseekers permission','2019-11-25 18:13:39','2019-11-25 18:13:39');

/*Table structure for table `posts` */

DROP TABLE IF EXISTS `posts`;

CREATE TABLE `posts` (
  `id` int(10) unsigned NOT NULL AUTO_INCREMENT,
  `created_at` timestamp NULL DEFAULT NULL,
  `updated_at` timestamp NULL DEFAULT NULL,
  `deleted_at` timestamp NULL DEFAULT NULL,
  `post` text COLLATE utf8mb4_unicode_ci,
  PRIMARY KEY (`id`)
) ENGINE=InnoDB DEFAULT CHARSET=utf8mb4 COLLATE=utf8mb4_unicode_ci;

/*Data for the table `posts` */

/*Table structure for table `profiles` */

DROP TABLE IF EXISTS `profiles`;

CREATE TABLE `profiles` (
  `id` int(10) unsigned NOT NULL AUTO_INCREMENT,
  `user_id` int(10) unsigned DEFAULT NULL,
  `is_employed` tinyint(1) DEFAULT '0',
  `is_department_head` tinyint(1) DEFAULT '0',
  `device_id` varchar(255) COLLATE utf8mb4_unicode_ci DEFAULT NULL,
  `employee_id_no` varchar(255) COLLATE utf8mb4_unicode_ci DEFAULT NULL,
  `surname` varchar(255) COLLATE utf8mb4_unicode_ci DEFAULT NULL,
  `firstname` varchar(255) COLLATE utf8mb4_unicode_ci DEFAULT NULL,
  `middlename` varchar(255) COLLATE utf8mb4_unicode_ci DEFAULT NULL,
  `suffix` varchar(255) COLLATE utf8mb4_unicode_ci DEFAULT NULL,
  `department` varchar(255) COLLATE utf8mb4_unicode_ci DEFAULT NULL,
  `section` varchar(255) COLLATE utf8mb4_unicode_ci DEFAULT NULL,
  `position` varchar(255) COLLATE utf8mb4_unicode_ci DEFAULT NULL,
  `status` varchar(255) COLLATE utf8mb4_unicode_ci DEFAULT NULL,
  `salary_schedule` date DEFAULT NULL,
  `sg` varchar(255) COLLATE utf8mb4_unicode_ci DEFAULT NULL,
  `monthly_salary` int(11) DEFAULT NULL,
  `step` varchar(255) COLLATE utf8mb4_unicode_ci DEFAULT NULL,
  `date_of_birth` date DEFAULT NULL,
  `place_of_birth` text COLLATE utf8mb4_unicode_ci,
  `sex` varchar(255) COLLATE utf8mb4_unicode_ci DEFAULT NULL,
  `civil_Status` varchar(255) COLLATE utf8mb4_unicode_ci DEFAULT NULL,
  `height` varchar(255) COLLATE utf8mb4_unicode_ci DEFAULT NULL,
  `weight` varchar(255) COLLATE utf8mb4_unicode_ci DEFAULT NULL,
  `gsis_id_no` varchar(255) COLLATE utf8mb4_unicode_ci DEFAULT NULL,
  `pagibig_id_no` varchar(255) COLLATE utf8mb4_unicode_ci DEFAULT NULL,
  `phil_health_no` varchar(255) COLLATE utf8mb4_unicode_ci DEFAULT NULL,
  `sss_no` varchar(255) COLLATE utf8mb4_unicode_ci DEFAULT NULL,
  `tin_no` varchar(255) COLLATE utf8mb4_unicode_ci DEFAULT NULL,
  `bio` text COLLATE utf8mb4_unicode_ci,
  `agency_emp_no` varchar(255) COLLATE utf8mb4_unicode_ci DEFAULT NULL,
  `citizenship` varchar(255) COLLATE utf8mb4_unicode_ci DEFAULT NULL,
  `citizenship_by` varchar(255) COLLATE utf8mb4_unicode_ci DEFAULT NULL,
  `country` varchar(255) COLLATE utf8mb4_unicode_ci DEFAULT NULL,
  `house_block_lot` text COLLATE utf8mb4_unicode_ci,
  `street` text COLLATE utf8mb4_unicode_ci,
  `subdivision_or_village` text COLLATE utf8mb4_unicode_ci,
  `barangay` text COLLATE utf8mb4_unicode_ci,
  `city_or_municipality` text COLLATE utf8mb4_unicode_ci,
  `province` text COLLATE utf8mb4_unicode_ci,
  `zipcode` varchar(255) COLLATE utf8mb4_unicode_ci DEFAULT NULL,
  `tel_no` varchar(255) COLLATE utf8mb4_unicode_ci DEFAULT NULL,
  `mobile_no` varchar(255) COLLATE utf8mb4_unicode_ci DEFAULT NULL,
  `email` varchar(255) COLLATE utf8mb4_unicode_ci DEFAULT NULL,
  `highest_educational_attainment` varchar(255) COLLATE utf8mb4_unicode_ci DEFAULT NULL,
  `first_day_of_service_in_govt` varchar(255) COLLATE utf8mb4_unicode_ci DEFAULT NULL,
  `casual_appointment` varchar(255) COLLATE utf8mb4_unicode_ci DEFAULT NULL,
  `original_appointment` varchar(255) COLLATE utf8mb4_unicode_ci DEFAULT NULL,
  `nature_of_appointment` varchar(255) COLLATE utf8mb4_unicode_ci DEFAULT NULL,
  `status_type` varchar(255) COLLATE utf8mb4_unicode_ci DEFAULT NULL,
  `spouse_surname` varchar(255) COLLATE utf8mb4_unicode_ci DEFAULT NULL,
  `spouse_firstname` varchar(255) COLLATE utf8mb4_unicode_ci DEFAULT NULL,
  `spouse_middlename` varchar(255) COLLATE utf8mb4_unicode_ci DEFAULT NULL,
  `spouse_occupation` varchar(255) COLLATE utf8mb4_unicode_ci DEFAULT NULL,
  `spouse_employer_bus_name` varchar(255) COLLATE utf8mb4_unicode_ci DEFAULT NULL,
  `spouse_business_address` varchar(255) COLLATE utf8mb4_unicode_ci DEFAULT NULL,
  `spouse_bus_telephone` varchar(255) COLLATE utf8mb4_unicode_ci DEFAULT NULL,
  `father_surname` varchar(255) COLLATE utf8mb4_unicode_ci DEFAULT NULL,
  `father_firstname` varchar(255) COLLATE utf8mb4_unicode_ci DEFAULT NULL,
  `father_middlename` varchar(255) COLLATE utf8mb4_unicode_ci DEFAULT NULL,
  `mother_surname` varchar(255) COLLATE utf8mb4_unicode_ci DEFAULT NULL,
  `mother_firstname` varchar(255) COLLATE utf8mb4_unicode_ci DEFAULT NULL,
  `mother_middlename` varchar(255) COLLATE utf8mb4_unicode_ci DEFAULT NULL,
  `children` text COLLATE utf8mb4_unicode_ci,
  `educational` text COLLATE utf8mb4_unicode_ci,
  `cse` text COLLATE utf8mb4_unicode_ci,
  `we` text COLLATE utf8mb4_unicode_ci,
  `vw` text COLLATE utf8mb4_unicode_ci,
  `tp` text COLLATE utf8mb4_unicode_ci,
  `oi` text COLLATE utf8mb4_unicode_ci,
  `reference` text COLLATE utf8mb4_unicode_ci,
  `created_at` timestamp NULL DEFAULT NULL,
  `updated_at` timestamp NULL DEFAULT NULL,
  `deleted_at` timestamp NULL DEFAULT NULL,
  PRIMARY KEY (`id`),
  KEY `profiles_user_id_foreign` (`user_id`),
  CONSTRAINT `profiles_user_id_foreign` FOREIGN KEY (`user_id`) REFERENCES `users` (`id`) ON DELETE CASCADE
) ENGINE=InnoDB AUTO_INCREMENT=47 DEFAULT CHARSET=utf8mb4 COLLATE=utf8mb4_unicode_ci;

/*Data for the table `profiles` */

insert  into `profiles`(`id`,`user_id`,`is_employed`,`is_department_head`,`device_id`,`employee_id_no`,`surname`,`firstname`,`middlename`,`suffix`,`department`,`section`,`position`,`status`,`salary_schedule`,`sg`,`monthly_salary`,`step`,`date_of_birth`,`place_of_birth`,`sex`,`civil_Status`,`height`,`weight`,`gsis_id_no`,`pagibig_id_no`,`phil_health_no`,`sss_no`,`tin_no`,`bio`,`agency_emp_no`,`citizenship`,`citizenship_by`,`country`,`house_block_lot`,`street`,`subdivision_or_village`,`barangay`,`city_or_municipality`,`province`,`zipcode`,`tel_no`,`mobile_no`,`email`,`highest_educational_attainment`,`first_day_of_service_in_govt`,`casual_appointment`,`original_appointment`,`nature_of_appointment`,`status_type`,`spouse_surname`,`spouse_firstname`,`spouse_middlename`,`spouse_occupation`,`spouse_employer_bus_name`,`spouse_business_address`,`spouse_bus_telephone`,`father_surname`,`father_firstname`,`father_middlename`,`mother_surname`,`mother_firstname`,`mother_middlename`,`children`,`educational`,`cse`,`we`,`vw`,`tp`,`oi`,`reference`,`created_at`,`updated_at`,`deleted_at`) values (1,41,0,0,'In porro enim et min','Commodi duis irure c','Soto','Glenna','Audra Robbins','Voluptatem laboris ','option 2','option 2','option 2','option 3','1979-09-13','option 2',11,'option 2','1991-08-10','Sapiente ea consequu','Female','Devorced','In reprehenderit aut','Qui atque id dolor s','Est facere non nostr','Cumque reprehenderit','Consequat Molestiae','Cillum consequat Il','Nulla in voluptatem ',NULL,'Velit qui exercitati','option1','option1','Country 1','Ipsam assumenda ipsu','Mollitia suscipit ne','Nam consequat Adipi','Sunt et architecto f','Et excepteur dicta t','Dolorem laborum Nos','67396','Exercitation sed sit','Qui error cumque nul',NULL,'Voluptas dolores ex ','2','Do excepturi amet s','Praesentium dolorum ','Necessitatibus non n','[\"\",\"\"]','Mack',NULL,'Melyssa Mcknight','Odit provident vel ','Chastity Ferguson','Deleniti mollitia fu','+1 (723) 934-7432','Lewis','Tiger','Melodie Dunn','Ferguson','Cyrus','Kyle Merritt','[]','[]','[]','[]','[]','[]','[]','[]','2019-11-25 17:54:53','2019-11-25 17:54:53',NULL),(2,42,1,0,'Maxime laborum et do','Vel voluptatem volup','Jackson','Jacob','Kyra Mckinney','Aliqua Aliquam quia','option 4','option 2','option 3','option 4','1975-07-01','option 3',8,'option 4','1987-11-16','Consectetur accusam','Female','Devorced','Delectus libero id ','Recusandae Voluptat','Fugiat ut laudantium','Commodo officia dolo','Est reiciendis natu','Non aut praesentium ','Commodo illum nihil',NULL,'Consequat Cillum qu','option1','option2','Country 1','Soluta incididunt qu','Aliqua Rem incididu','At doloremque vel ut','Est laborum Delect','Quam id eiusmod in ','Cupidatat nemo aliqu','20344','Maxime enim laborios','Cupidatat doloribus ',NULL,'Sed asperiores dolor','14','Maiores quos dolores','Ea consectetur dolo','Sint id consectetur','[\"\"]','Huff',NULL,'Addison Dickson','Eveniet voluptate s','Sydney Langley','Harum consectetur d','+1 (777) 592-9425','Roman','Drake','Finn Dickerson','Charles','Myra','Kalia Vaughn','[]','[]','[]','[]','[]','[]','[]','[]','2019-11-25 17:55:42','2019-11-25 17:55:42',NULL),(3,44,1,0,'Nulla qui dicta cons','Et aperiam ut volupt','Gamble','Timon','Cruz Sharpe','Debitis incidunt ve','option 2','option 4','option 3','option 3','1987-07-23','option 3',3,'option 3','1995-08-14','Qui quia dolorem err','Female','Devorced','Fugiat voluptatem c','Quam saepe officia a','Dolore fuga Officii','Natus minima minus e','Sapiente sed in duci','Culpa esse cumque e','Ab Nam tempore reru',NULL,'Quas consequuntur co','option2','option1','Country 1','A voluptatem Placea','Mollitia vel reprehe','Ut fuga Dolorum sit','Tenetur ut illo dolo','Commodo magna ut sit','Ipsam deserunt dolor','71612','Non est proident e','Et placeat pariatur',NULL,'Minima veniam non e','19','Ex beatae quia conse','Qui magnam quia quo ','Recusandae Est volu','[\"\",\"\",\"\"]','Floyd',NULL,'Brock Robertson','Labore et aperiam vi','Ralph Larson','Maxime enim ut tempo','+1 (614) 248-2368','Estrada','Dylan','Gemma Schneider','Mckenzie','Nathan','Libby Frederick','[]','[]','[]','[]','[]','[]','[]','[]','2019-11-25 18:02:10','2019-11-25 18:02:10',NULL),(4,47,0,1,'Voluptas aut rerum a','Sed laudantium aut ','Villarreal','Louis','Kitra Elliott','Distinctio Quis ut ','option 3','option 2','option 3','option 4','1971-03-15','option 4',3,'option 2','2002-06-08','Placeat voluptatem','Female','Maried','Et in dolor est porr','Ea in libero optio ','Ipsum facilis doloru','Atque qui possimus ','Est ut consequatur p','Eos quidem labore no','Ullam ea nostrum cil',NULL,'Aut corrupti sed ex','option1','option1','Country 1','Qui et fugit dolore','Deserunt voluptate e','Dolore autem iure nu','Qui aliquid deserunt','Sunt consectetur se','Vero nulla culpa omn','56949','Quia vel assumenda m','Voluptates tenetur c',NULL,'Est fugiat velit fu','5','Exercitationem volup','Magni minim amet es','In quibusdam minim e','[\"\",\"\",\"\"]','Pena',NULL,'Karyn Joyner','Quibusdam magna temp','Candice Welch','Similique proident ','+1 (809) 924-7506','Bullock','Oleg','Medge Guy','Stone','Teagan','Alea Peters','[]','[]','[]','[]','[]','[]','[]','[]','2019-11-25 18:06:27','2019-11-25 18:06:27',NULL),(5,48,1,0,'Ut numquam odio occa','Quo esse et velit e','Dillard','Iola','Hedda Fitzgerald','Impedit qui numquam','option 4','option 3','option 2','option 3','1981-10-26','option 3',6,'option 3','1981-04-23','Aliquam explicabo U','Female','Devorced','Architecto velit el','Veniam quo commodi ','Duis dignissimos ull','Non vel ex ad nihil ','Duis velit accusanti','Reprehenderit et sin','Et aute et molestias',NULL,'Adipisci quo est rep','option2','option1','Country 1','Et quis laudantium ','Temporibus eius nihi','Eum ipsum minus qui ','Proident saepe ea i','Dolore sit repellen','Tempora vel esse co','61238','Est cupiditate in ve','Aut in minus ducimus',NULL,'Id perspiciatis eni','3','Occaecat sit dolor ','Laboris quia volupta','Et laboris amet id ','[\"\",\"\"]','Crawford',NULL,'Illiana Murphy','Ad exercitationem qu','Murphy Hebert','Error aperiam repreh','+1 (445) 666-8223','Mccullough','Hilel','Owen Mullen','Fletcher','Hermione','Ulric Hogan','[]','[]','[]','[]','[]','[]','[]','[]','2019-11-25 18:09:21','2019-11-25 18:09:21',NULL),(6,49,0,0,'Quibusdam similique ','Ea rerum exercitatio','Barnett','Audra','Patience Spears','Illo quae ut omnis a','option 2','option 4','option 3','option 4','2012-09-24','option 4',4,'option 2','2018-01-12','Quas assumenda ea vo','Female','Maried','Consequat Quas cons','Sequi et do quos odi','Optio dolor volupta','Reprehenderit aspern','Natus voluptate ulla','Sed voluptatem adipi','Rerum dolor quam et ',NULL,'Velit est ut sapien','option1','option2','Country 1','Iusto ut velit amet','Quis ipsa pariatur','Aut voluptate itaque','Adipisicing consecte','Est vel exercitation','Recusandae Rerum co','43426','Quo consequatur in ','Quo unde aliquid har',NULL,'Consequatur Aute et','6','Illo illo adipisci d','Eius occaecat ea qui','Minim nemo obcaecati','[\"\",\"\"]','Watkins',NULL,'Nathaniel Hayden','Nobis enim atque occ','Quintessa Peters','Praesentium ipsum qu','+1 (202) 162-9416','Franklin','Dorian','Oren Howard','Harvey','Damian','Zena Goodwin','[{\"name\":\"Ut quis sunt repelle\",\"dob\":\"1987-02-11\",\"age\":\"5\"},{\"name\":\"Quo quo sed sint ut\",\"dob\":\"2014-06-16\",\"age\":\"80\"},{\"name\":\"Commodi labore commo\",\"dob\":\"1980-05-05\",\"age\":\"95\"},{\"name\":\"Quae minus aut reici\",\"dob\":\"2001-12-16\",\"age\":\"13\"},{\"name\":\"Reprehenderit qui qu\",\"dob\":\"2018-09-25\",\"age\":\"19\"},{\"name\":\"Tempora inventore re\",\"dob\":\"1993-08-24\",\"age\":\"33\"},{\"name\":\"Quo ut quisquam reru\",\"dob\":\"1975-05-24\",\"age\":\"84\"},{\"name\":\"Suscipit maxime enim\",\"dob\":\"1994-12-23\",\"age\":\"99\"},{\"name\":\"Deserunt sed dolorem\",\"dob\":\"2011-03-28\",\"age\":\"52\"}]','[{\"level\":\"Doloribus quia labor\",\"name_of_school\":\"Vero dolores in dele\",\"degree_course\":\"Facilis omnis do id \",\"year_graduated\":\"Vero hic sint conse\",\"highest_grade_level_units_earned\":\"Perspiciatis eum lo\",\"date_from\":\"2008-06-17\",\"date_to\":\"1975-06-01\",\"scholarship_academic_honors_recieved\":\"Voluptatum qui aute \"},{\"level\":\"Totam voluptatibus v\",\"name_of_school\":\"Et veniam fugiat c\",\"degree_course\":\"Illum accusantium p\",\"year_graduated\":\"Eos voluptate commo\",\"highest_grade_level_units_earned\":\"Eum est provident \",\"date_from\":\"2009-02-15\",\"date_to\":\"1990-12-04\",\"scholarship_academic_honors_recieved\":\"Nostrud deleniti lab\"},{\"level\":\"Nulla nostrum quia i\",\"name_of_school\":\"Quo laborum reprehen\",\"degree_course\":\"Aliquip tempore ips\",\"year_graduated\":\"Aperiam quaerat dolo\",\"highest_grade_level_units_earned\":\"Dolor quia ea molest\",\"date_from\":\"1996-05-09\",\"date_to\":\"2009-08-25\",\"scholarship_academic_honors_recieved\":\"Libero accusantium s\"},{\"level\":\"Amet doloribus inve\",\"name_of_school\":\"Quasi ducimus non e\",\"degree_course\":\"Ad quasi est dolore\",\"year_graduated\":\"Sed voluptatem sit \",\"highest_grade_level_units_earned\":\"Reprehenderit volupt\",\"date_from\":\"1999-08-19\",\"date_to\":\"2005-08-18\",\"scholarship_academic_honors_recieved\":\"Repellendus Et minu\"},{\"level\":\"Enim aut pariatur E\",\"name_of_school\":\"Exercitation vel iru\",\"degree_course\":\"Explicabo Ipsum co\",\"year_graduated\":\"Eos dolore adipisic\",\"highest_grade_level_units_earned\":\"Veritatis asperiores\",\"date_from\":\"1996-05-05\",\"date_to\":\"1977-06-01\",\"scholarship_academic_honors_recieved\":\"Quae similique quo i\"}]','[{\"type_of_eligibility\":\"Facilis est velit pa\",\"career_service_under_special_laws_ces_csee\":\"Eum ut ipsum cumque\",\"rating\":\"Nemo consequatur et \",\"date_of_examination_conferment\":\"1984-06-01\",\"place_of_examination_conferment\":\"Voluptatem dolore c\",\"highest_grade_level_units_earned\":\"Perferendis obcaecat\",\"licince_no\":\"Voluptate asperiores\",\"date_of_release\":\"1982-06-08\"},{\"type_of_eligibility\":\"Irure quia debitis p\",\"career_service_under_special_laws_ces_csee\":\"Dolor labore eaque u\",\"rating\":\"Proident dolore ear\",\"date_of_examination_conferment\":\"1988-12-14\",\"place_of_examination_conferment\":\"Est commodi et aut \",\"highest_grade_level_units_earned\":\"Nesciunt autem inci\",\"licince_no\":\"Omnis non nostrud vi\",\"date_of_release\":\"1971-11-25\"},{\"type_of_eligibility\":\"Dolores itaque et pr\",\"career_service_under_special_laws_ces_csee\":\"Et corporis facilis \",\"rating\":\"Nemo tempor esse qu\",\"date_of_examination_conferment\":\"1981-09-28\",\"place_of_examination_conferment\":\"Elit eiusmod modi q\",\"highest_grade_level_units_earned\":\"Ut saepe esse rem p\",\"licince_no\":\"Quae eligendi minus \",\"date_of_release\":\"1993-05-23\"},{\"type_of_eligibility\":\"Molestias et sed vol\",\"career_service_under_special_laws_ces_csee\":\"Quae omnis libero in\",\"rating\":\"Delectus eos expli\",\"date_of_examination_conferment\":\"2010-03-12\",\"place_of_examination_conferment\":\"Vero dolorem consequ\",\"highest_grade_level_units_earned\":\"Et eum architecto qu\",\"licince_no\":\"Necessitatibus volup\",\"date_of_release\":\"1996-09-12\"}]','[{\"include_date_from\":\"2011-10-11\",\"include_date_to\":\"2009-03-03\",\"position_title\":\"Quia aut saepe non a\",\"department_agency_office_company\":\"Ipsum obcaecati sit\",\"monthly_salary\":\"52\",\"salary_grade_step_increment\":\"Et qui distinctio M\",\"status_of_appointment\":\"Eius cum nesciunt p\",\"govt_service\":\"Sit quasi ea ut saep\"},{\"include_date_from\":\"2003-08-25\",\"include_date_to\":\"1989-03-21\",\"position_title\":\"Sint ipsum expedita\",\"department_agency_office_company\":\"Cillum aute sint qua\",\"monthly_salary\":\"68\",\"salary_grade_step_increment\":\"At maiores qui rerum\",\"status_of_appointment\":\"Ut vel quod ad venia\",\"govt_service\":\"Earum aut occaecat i\"},{\"include_date_from\":\"2002-08-03\",\"include_date_to\":\"2017-06-10\",\"position_title\":\"Non dolores aperiam \",\"department_agency_office_company\":\"Commodi deserunt eiu\",\"monthly_salary\":\"3\",\"salary_grade_step_increment\":\"Omnis mollit est rei\",\"status_of_appointment\":\"Velit voluptate cons\",\"govt_service\":\"Et atque sequi labor\"},{\"include_date_from\":\"1984-03-11\",\"include_date_to\":\"2011-03-06\",\"position_title\":\"Ullamco ut eum qui r\",\"department_agency_office_company\":\"Qui aliquam rerum pa\",\"monthly_salary\":\"88\",\"salary_grade_step_increment\":\"Amet eaque consequu\",\"status_of_appointment\":\"Facere tempora moles\",\"govt_service\":\"Fuga Laudantium qu\"}]','[{\"name_address_of_organization\":\"Dolor minim providen\",\"include_date_from\":\"1979-07-18\",\"include_date_to\":\"2009-02-19\",\"number_of_hours\":\"10\",\"position_nature_of_work\":\"Quos voluptatum irur\"},{\"name_address_of_organization\":\"Dolore est ea perspi\",\"include_date_from\":\"1977-10-04\",\"include_date_to\":\"1979-08-25\",\"number_of_hours\":\"22\",\"position_nature_of_work\":\"Sunt ut id mollitia\"},{\"name_address_of_organization\":\"Non sunt voluptatem \",\"include_date_from\":\"1978-06-04\",\"include_date_to\":\"1993-11-25\",\"number_of_hours\":\"54\",\"position_nature_of_work\":\"Illo iste irure reru\"},{\"name_address_of_organization\":\"Quis et consequatur \",\"include_date_from\":\"1990-06-16\",\"include_date_to\":\"1996-06-24\",\"number_of_hours\":\"74\",\"position_nature_of_work\":\"Cupidatat expedita m\"}]','[]','[{\"special_skills_hobbies\":\"Commodo ducimus aut\",\"non_academic_distinctions_recognitions\":\"Enim esse in pariatu\",\"membership_in_assoc_org\":\"Ex sint consequuntur\"},{\"special_skills_hobbies\":\"Aut minus occaecat o\",\"non_academic_distinctions_recognitions\":\"Consectetur placeat\",\"membership_in_assoc_org\":\"Error molestiae magn\"},{\"special_skills_hobbies\":\"Saepe hic nihil ut a\",\"non_academic_distinctions_recognitions\":\"Laboriosam eu inven\",\"membership_in_assoc_org\":\"Voluptatem ex persp\"},{\"special_skills_hobbies\":\"Et cillum voluptas e\",\"non_academic_distinctions_recognitions\":\"Nobis minima volupta\",\"membership_in_assoc_org\":\"Mollitia voluptas es\"}]','[{\"name\":\"Nulla nihil ipsum se\",\"address\":\"Iure iste quidem nes\",\"tel_no\":\"Voluptatem ea consec\"},{\"name\":\"Mollit nisi dolorem \",\"address\":\"Est possimus vel am\",\"tel_no\":\"Deserunt expedita qu\"},{\"name\":\"Quia officiis ut par\",\"address\":\"Lorem dignissimos il\",\"tel_no\":\"Sunt commodo irure n\"},{\"name\":\"Est non ratione hic \",\"address\":\"Repudiandae exercita\",\"tel_no\":\"Voluptas repudiandae\"}]','2019-11-25 18:10:02','2019-11-25 18:10:02',NULL),(7,82,0,0,NULL,NULL,NULL,NULL,NULL,NULL,NULL,NULL,NULL,NULL,NULL,NULL,NULL,NULL,'1990-05-28',NULL,'female',NULL,NULL,NULL,NULL,NULL,NULL,NULL,NULL,NULL,NULL,NULL,NULL,NULL,NULL,NULL,NULL,NULL,NULL,NULL,NULL,NULL,NULL,NULL,NULL,NULL,NULL,NULL,NULL,NULL,NULL,NULL,NULL,NULL,NULL,NULL,NULL,NULL,NULL,NULL,NULL,NULL,NULL,NULL,NULL,NULL,NULL,NULL,NULL,NULL,NULL,'2019-12-01 17:54:25','2019-12-01 17:54:25',NULL),(8,84,0,0,NULL,NULL,NULL,NULL,NULL,NULL,NULL,NULL,NULL,NULL,NULL,NULL,NULL,NULL,'2016-07-11',NULL,'female',NULL,NULL,NULL,NULL,NULL,NULL,NULL,NULL,NULL,NULL,NULL,NULL,NULL,NULL,NULL,NULL,NULL,NULL,NULL,NULL,NULL,NULL,NULL,NULL,NULL,NULL,NULL,NULL,NULL,NULL,NULL,NULL,NULL,NULL,NULL,NULL,NULL,NULL,NULL,NULL,NULL,NULL,NULL,NULL,NULL,NULL,NULL,NULL,NULL,NULL,'2019-12-01 17:54:55','2019-12-01 17:54:55',NULL),(9,86,0,0,NULL,NULL,NULL,NULL,NULL,NULL,NULL,NULL,NULL,NULL,NULL,NULL,NULL,NULL,'1982-05-05',NULL,'female',NULL,NULL,NULL,NULL,NULL,NULL,NULL,NULL,NULL,NULL,NULL,NULL,NULL,NULL,NULL,NULL,NULL,NULL,NULL,NULL,NULL,NULL,NULL,NULL,NULL,NULL,NULL,NULL,NULL,NULL,NULL,NULL,NULL,NULL,NULL,NULL,NULL,NULL,NULL,NULL,NULL,NULL,NULL,NULL,NULL,NULL,NULL,NULL,NULL,NULL,'2019-12-01 17:56:16','2019-12-01 17:56:16',NULL),(10,87,0,0,NULL,NULL,NULL,NULL,NULL,NULL,NULL,NULL,NULL,NULL,NULL,NULL,NULL,NULL,'2004-04-02',NULL,'female',NULL,NULL,NULL,NULL,NULL,NULL,NULL,NULL,NULL,NULL,NULL,NULL,NULL,NULL,NULL,NULL,NULL,NULL,NULL,NULL,NULL,NULL,NULL,NULL,NULL,NULL,NULL,NULL,NULL,NULL,NULL,NULL,NULL,NULL,NULL,NULL,NULL,NULL,NULL,NULL,NULL,NULL,NULL,NULL,NULL,NULL,NULL,NULL,NULL,NULL,'2019-12-01 17:57:37','2019-12-01 17:57:37',NULL),(11,88,0,0,NULL,NULL,NULL,NULL,NULL,NULL,NULL,NULL,NULL,NULL,NULL,NULL,NULL,NULL,'2016-02-27',NULL,'female',NULL,NULL,NULL,NULL,NULL,NULL,NULL,NULL,NULL,NULL,NULL,NULL,NULL,NULL,NULL,NULL,NULL,NULL,NULL,NULL,NULL,NULL,NULL,NULL,NULL,NULL,NULL,NULL,NULL,NULL,NULL,NULL,NULL,NULL,NULL,NULL,NULL,NULL,NULL,NULL,NULL,NULL,NULL,NULL,NULL,NULL,NULL,NULL,NULL,NULL,'2019-12-01 18:04:24','2019-12-01 18:04:24',NULL),(12,89,0,0,NULL,NULL,NULL,NULL,NULL,NULL,NULL,NULL,NULL,NULL,NULL,NULL,NULL,NULL,'1971-04-15',NULL,'female',NULL,NULL,NULL,NULL,NULL,NULL,NULL,NULL,NULL,NULL,NULL,NULL,NULL,NULL,NULL,NULL,NULL,NULL,NULL,NULL,NULL,NULL,NULL,NULL,NULL,NULL,NULL,NULL,NULL,NULL,NULL,NULL,NULL,NULL,NULL,NULL,NULL,NULL,NULL,NULL,NULL,NULL,NULL,NULL,NULL,NULL,NULL,NULL,NULL,NULL,'2019-12-01 18:48:53','2019-12-01 18:48:53',NULL),(13,90,0,0,NULL,NULL,NULL,NULL,NULL,NULL,NULL,NULL,NULL,NULL,NULL,NULL,NULL,NULL,'1971-11-28',NULL,'female',NULL,NULL,NULL,NULL,NULL,NULL,NULL,NULL,NULL,NULL,NULL,NULL,NULL,NULL,NULL,NULL,NULL,NULL,NULL,NULL,NULL,NULL,NULL,NULL,NULL,NULL,NULL,NULL,NULL,NULL,NULL,NULL,NULL,NULL,NULL,NULL,NULL,NULL,NULL,NULL,NULL,NULL,NULL,NULL,NULL,NULL,NULL,NULL,NULL,NULL,'2019-12-01 18:51:16','2019-12-01 18:51:16',NULL),(14,91,0,0,NULL,NULL,NULL,NULL,NULL,NULL,NULL,NULL,NULL,NULL,NULL,NULL,NULL,NULL,'1986-01-05',NULL,'female',NULL,NULL,NULL,NULL,NULL,NULL,NULL,NULL,NULL,NULL,NULL,NULL,NULL,NULL,NULL,NULL,NULL,NULL,NULL,NULL,NULL,NULL,NULL,NULL,NULL,NULL,NULL,NULL,NULL,NULL,NULL,NULL,NULL,NULL,NULL,NULL,NULL,NULL,NULL,NULL,NULL,NULL,NULL,NULL,NULL,NULL,NULL,NULL,NULL,NULL,'2019-12-01 19:02:44','2019-12-01 19:02:44',NULL),(15,92,0,0,NULL,NULL,NULL,NULL,NULL,NULL,NULL,NULL,NULL,NULL,NULL,NULL,NULL,NULL,'1988-09-11',NULL,'female',NULL,NULL,NULL,NULL,NULL,NULL,NULL,NULL,NULL,NULL,NULL,NULL,NULL,NULL,NULL,NULL,NULL,NULL,NULL,NULL,NULL,NULL,NULL,NULL,NULL,NULL,NULL,NULL,NULL,NULL,NULL,NULL,NULL,NULL,NULL,NULL,NULL,NULL,NULL,NULL,NULL,NULL,NULL,NULL,NULL,NULL,NULL,NULL,NULL,NULL,'2019-12-01 19:05:00','2019-12-01 19:05:00',NULL),(16,93,0,0,NULL,NULL,NULL,NULL,NULL,NULL,NULL,NULL,NULL,NULL,NULL,NULL,NULL,NULL,'1977-10-28',NULL,'female',NULL,NULL,NULL,NULL,NULL,NULL,NULL,NULL,NULL,NULL,NULL,NULL,NULL,NULL,NULL,NULL,NULL,NULL,NULL,NULL,NULL,NULL,NULL,NULL,NULL,NULL,NULL,NULL,NULL,NULL,NULL,NULL,NULL,NULL,NULL,NULL,NULL,NULL,NULL,NULL,NULL,NULL,NULL,NULL,NULL,NULL,NULL,NULL,NULL,NULL,'2019-12-01 19:52:04','2019-12-01 19:52:04',NULL),(17,95,0,0,NULL,NULL,NULL,NULL,NULL,NULL,NULL,NULL,NULL,NULL,NULL,NULL,NULL,NULL,'2006-12-14',NULL,'female',NULL,NULL,NULL,NULL,NULL,NULL,NULL,NULL,'Sed fuga Modi dolor',NULL,NULL,NULL,NULL,NULL,NULL,NULL,NULL,NULL,NULL,NULL,NULL,NULL,NULL,NULL,NULL,NULL,NULL,NULL,NULL,NULL,NULL,NULL,NULL,NULL,NULL,NULL,NULL,NULL,NULL,NULL,NULL,NULL,NULL,NULL,NULL,NULL,NULL,NULL,NULL,NULL,'2019-12-01 19:53:13','2019-12-01 19:53:13',NULL),(18,96,0,0,NULL,NULL,NULL,NULL,NULL,NULL,NULL,NULL,NULL,NULL,NULL,NULL,NULL,NULL,'1970-02-06',NULL,'female',NULL,NULL,NULL,NULL,NULL,NULL,NULL,NULL,'Inventore dolor atqu',NULL,NULL,NULL,NULL,NULL,NULL,NULL,NULL,NULL,NULL,NULL,NULL,NULL,NULL,NULL,NULL,NULL,NULL,NULL,NULL,NULL,NULL,NULL,NULL,NULL,NULL,NULL,NULL,NULL,NULL,NULL,NULL,NULL,NULL,NULL,NULL,NULL,NULL,NULL,NULL,NULL,'2019-12-01 20:35:53','2019-12-01 20:35:53',NULL),(19,97,0,0,NULL,NULL,NULL,NULL,NULL,NULL,NULL,NULL,NULL,NULL,NULL,NULL,NULL,NULL,'1991-11-27',NULL,'female',NULL,NULL,NULL,NULL,NULL,NULL,NULL,NULL,'Dolor sed sit eius',NULL,NULL,NULL,NULL,NULL,NULL,NULL,NULL,NULL,NULL,NULL,NULL,NULL,NULL,NULL,NULL,NULL,NULL,NULL,NULL,NULL,NULL,NULL,NULL,NULL,NULL,NULL,NULL,NULL,NULL,NULL,NULL,NULL,NULL,NULL,NULL,NULL,NULL,NULL,NULL,NULL,'2019-12-01 20:40:58','2019-12-01 20:40:58',NULL),(20,98,0,0,NULL,NULL,NULL,NULL,NULL,NULL,NULL,NULL,NULL,NULL,NULL,NULL,NULL,NULL,'1976-10-11',NULL,'female',NULL,NULL,NULL,NULL,NULL,NULL,NULL,NULL,'Id necessitatibus c',NULL,NULL,NULL,NULL,NULL,NULL,NULL,NULL,NULL,NULL,NULL,NULL,NULL,NULL,NULL,NULL,NULL,NULL,NULL,NULL,NULL,NULL,NULL,NULL,NULL,NULL,NULL,NULL,NULL,NULL,NULL,NULL,NULL,NULL,NULL,NULL,NULL,NULL,NULL,NULL,NULL,'2019-12-01 20:43:52','2019-12-01 20:43:52',NULL),(21,99,0,0,NULL,NULL,NULL,NULL,NULL,NULL,NULL,NULL,NULL,NULL,NULL,NULL,NULL,NULL,'2014-08-21',NULL,'female',NULL,NULL,NULL,NULL,NULL,NULL,NULL,NULL,'Rerum vero esse rati',NULL,NULL,NULL,NULL,NULL,NULL,NULL,NULL,NULL,NULL,NULL,NULL,NULL,NULL,NULL,NULL,NULL,NULL,NULL,NULL,NULL,NULL,NULL,NULL,NULL,NULL,NULL,NULL,NULL,NULL,NULL,NULL,NULL,NULL,NULL,NULL,NULL,NULL,NULL,NULL,NULL,'2019-12-01 20:44:40','2019-12-01 20:44:40',NULL),(22,100,0,0,NULL,NULL,NULL,NULL,NULL,NULL,NULL,NULL,NULL,NULL,NULL,NULL,NULL,NULL,'1990-08-20',NULL,'female',NULL,NULL,NULL,NULL,NULL,NULL,NULL,NULL,'Odio laboris at eius',NULL,NULL,NULL,NULL,NULL,NULL,NULL,NULL,NULL,NULL,NULL,NULL,NULL,NULL,NULL,NULL,NULL,NULL,NULL,NULL,NULL,NULL,NULL,NULL,NULL,NULL,NULL,NULL,NULL,NULL,NULL,NULL,NULL,NULL,NULL,NULL,NULL,NULL,NULL,NULL,NULL,'2019-12-01 20:59:47','2019-12-01 20:59:47',NULL),(23,101,0,0,NULL,NULL,NULL,NULL,NULL,NULL,NULL,NULL,NULL,NULL,NULL,NULL,NULL,NULL,'1970-04-11',NULL,'female',NULL,NULL,NULL,NULL,NULL,NULL,NULL,NULL,'Ducimus officiis qu',NULL,NULL,NULL,NULL,NULL,NULL,NULL,NULL,NULL,NULL,NULL,NULL,NULL,NULL,NULL,NULL,NULL,NULL,NULL,NULL,NULL,NULL,NULL,NULL,NULL,NULL,NULL,NULL,NULL,NULL,NULL,NULL,NULL,NULL,NULL,NULL,NULL,NULL,NULL,NULL,NULL,'2019-12-01 22:01:49','2019-12-01 22:01:49',NULL),(24,102,0,0,NULL,NULL,'Perkins','Hollee',NULL,NULL,NULL,NULL,NULL,NULL,NULL,NULL,NULL,NULL,'2011-12-23',NULL,'female',NULL,NULL,NULL,NULL,NULL,NULL,NULL,NULL,'Rerum numquam repreh',NULL,NULL,NULL,NULL,NULL,NULL,NULL,NULL,NULL,NULL,NULL,NULL,NULL,NULL,NULL,NULL,NULL,NULL,NULL,NULL,NULL,NULL,NULL,NULL,NULL,NULL,NULL,NULL,NULL,NULL,NULL,NULL,NULL,NULL,NULL,NULL,NULL,NULL,NULL,NULL,NULL,'2019-12-01 22:08:03','2019-12-01 22:08:03',NULL),(25,103,0,0,NULL,NULL,'Beck','Barry',NULL,NULL,NULL,NULL,NULL,NULL,NULL,NULL,NULL,NULL,'1979-02-22',NULL,'female',NULL,NULL,NULL,NULL,NULL,NULL,NULL,NULL,'Dolor in dignissimos',NULL,NULL,NULL,NULL,NULL,NULL,NULL,NULL,NULL,NULL,NULL,NULL,NULL,NULL,NULL,NULL,NULL,NULL,NULL,NULL,NULL,NULL,NULL,NULL,NULL,NULL,NULL,NULL,NULL,NULL,NULL,NULL,NULL,NULL,NULL,NULL,NULL,NULL,NULL,NULL,NULL,'2019-12-01 22:09:21','2019-12-01 22:09:21',NULL),(26,104,0,0,NULL,NULL,'Preston','Philip',NULL,NULL,NULL,NULL,NULL,NULL,NULL,NULL,NULL,NULL,'1986-05-09',NULL,'female',NULL,NULL,NULL,NULL,NULL,NULL,NULL,NULL,'Quia mollitia quo cu',NULL,NULL,NULL,NULL,NULL,NULL,NULL,NULL,NULL,NULL,NULL,NULL,NULL,NULL,NULL,NULL,NULL,NULL,NULL,NULL,NULL,NULL,NULL,NULL,NULL,NULL,NULL,NULL,NULL,NULL,NULL,NULL,NULL,NULL,NULL,NULL,NULL,NULL,NULL,NULL,NULL,'2019-12-01 22:14:22','2019-12-01 22:14:22',NULL),(27,105,0,0,NULL,NULL,'Byrd','Aurora',NULL,NULL,NULL,NULL,NULL,NULL,NULL,NULL,NULL,NULL,'1988-11-16',NULL,'female',NULL,NULL,NULL,NULL,NULL,NULL,NULL,NULL,'Consectetur dolores',NULL,NULL,NULL,NULL,NULL,NULL,NULL,NULL,NULL,NULL,NULL,NULL,NULL,NULL,NULL,NULL,NULL,NULL,NULL,NULL,NULL,NULL,NULL,NULL,NULL,NULL,NULL,NULL,NULL,NULL,NULL,NULL,NULL,NULL,NULL,NULL,NULL,NULL,NULL,NULL,NULL,'2019-12-01 22:17:43','2019-12-01 22:17:43',NULL),(28,106,0,0,NULL,NULL,'lastname','firstname',NULL,NULL,NULL,NULL,NULL,NULL,NULL,NULL,NULL,NULL,'2019-12-04',NULL,'male',NULL,NULL,NULL,NULL,NULL,NULL,NULL,NULL,'sdasdadasd',NULL,NULL,NULL,NULL,NULL,NULL,NULL,NULL,NULL,NULL,NULL,NULL,NULL,NULL,NULL,NULL,NULL,NULL,NULL,NULL,NULL,NULL,NULL,NULL,NULL,NULL,NULL,NULL,NULL,NULL,NULL,NULL,NULL,NULL,NULL,NULL,NULL,NULL,NULL,NULL,NULL,'2019-12-01 22:23:29','2019-12-01 22:23:29',NULL),(29,107,0,0,NULL,NULL,NULL,NULL,NULL,NULL,NULL,NULL,NULL,NULL,NULL,NULL,NULL,NULL,'1978-02-23',NULL,'female',NULL,NULL,NULL,NULL,NULL,NULL,NULL,NULL,'Ea libero quae vero',NULL,NULL,NULL,NULL,NULL,NULL,NULL,NULL,NULL,NULL,NULL,NULL,NULL,NULL,NULL,NULL,NULL,NULL,NULL,NULL,NULL,NULL,NULL,NULL,NULL,NULL,NULL,NULL,NULL,NULL,NULL,NULL,NULL,NULL,NULL,NULL,NULL,NULL,NULL,NULL,NULL,'2019-12-01 22:31:01','2019-12-01 22:31:01',NULL),(30,108,0,0,NULL,NULL,NULL,NULL,NULL,NULL,NULL,NULL,NULL,NULL,NULL,NULL,NULL,NULL,'1985-04-17',NULL,'female',NULL,NULL,NULL,NULL,NULL,NULL,NULL,NULL,'Aut dolores nostrum',NULL,NULL,NULL,NULL,NULL,NULL,NULL,NULL,NULL,NULL,NULL,NULL,NULL,NULL,NULL,NULL,NULL,NULL,NULL,NULL,NULL,NULL,NULL,NULL,NULL,NULL,NULL,NULL,NULL,NULL,NULL,NULL,NULL,NULL,NULL,NULL,NULL,NULL,NULL,NULL,NULL,'2019-12-01 22:32:57','2019-12-01 22:32:57',NULL),(31,109,0,0,NULL,NULL,NULL,NULL,NULL,NULL,NULL,NULL,NULL,NULL,NULL,NULL,NULL,NULL,'1985-10-03',NULL,'female',NULL,NULL,NULL,NULL,NULL,NULL,NULL,NULL,'Magna dolores commod',NULL,NULL,NULL,NULL,NULL,NULL,NULL,NULL,NULL,NULL,NULL,NULL,NULL,NULL,NULL,NULL,NULL,NULL,NULL,NULL,NULL,NULL,NULL,NULL,NULL,NULL,NULL,NULL,NULL,NULL,NULL,NULL,NULL,NULL,NULL,NULL,NULL,NULL,NULL,NULL,NULL,'2019-12-01 22:34:04','2019-12-01 22:34:04',NULL),(32,110,0,0,NULL,NULL,NULL,NULL,NULL,NULL,NULL,NULL,NULL,NULL,NULL,NULL,NULL,NULL,'2017-01-07',NULL,'female',NULL,NULL,NULL,NULL,NULL,NULL,NULL,NULL,'Neque fugiat dignis',NULL,NULL,NULL,NULL,NULL,NULL,NULL,NULL,NULL,NULL,NULL,NULL,NULL,NULL,NULL,NULL,NULL,NULL,NULL,NULL,NULL,NULL,NULL,NULL,NULL,NULL,NULL,NULL,NULL,NULL,NULL,NULL,NULL,NULL,NULL,NULL,NULL,NULL,NULL,NULL,NULL,'2019-12-01 22:35:40','2019-12-01 22:35:40',NULL),(33,111,0,0,NULL,NULL,'Walls','Kimberley',NULL,NULL,NULL,NULL,NULL,NULL,NULL,NULL,NULL,NULL,'1971-01-21',NULL,'female',NULL,NULL,NULL,NULL,NULL,NULL,NULL,NULL,'Voluptatem distinct',NULL,NULL,NULL,NULL,NULL,NULL,NULL,NULL,NULL,NULL,NULL,NULL,NULL,NULL,NULL,NULL,NULL,NULL,NULL,NULL,NULL,NULL,NULL,NULL,NULL,NULL,NULL,NULL,NULL,NULL,NULL,NULL,NULL,NULL,NULL,NULL,NULL,NULL,NULL,NULL,NULL,'2019-12-01 22:39:53','2019-12-01 22:39:53',NULL),(34,112,0,0,NULL,NULL,'asdasd','asdad',NULL,NULL,NULL,NULL,NULL,NULL,NULL,NULL,NULL,NULL,'1994-04-05',NULL,'female',NULL,NULL,NULL,NULL,NULL,NULL,NULL,NULL,'sersheefdcrstgsrgf',NULL,NULL,NULL,NULL,NULL,NULL,NULL,NULL,NULL,NULL,NULL,NULL,NULL,NULL,NULL,NULL,NULL,NULL,NULL,NULL,NULL,NULL,NULL,NULL,NULL,NULL,NULL,NULL,NULL,NULL,NULL,NULL,NULL,NULL,NULL,NULL,NULL,NULL,NULL,NULL,NULL,'2019-12-01 23:12:15','2019-12-01 23:12:15',NULL),(35,113,0,0,NULL,NULL,'lastname','firstname',NULL,NULL,NULL,NULL,NULL,NULL,NULL,NULL,NULL,NULL,'1994-05-09',NULL,'female',NULL,NULL,NULL,NULL,NULL,NULL,NULL,NULL,'Bio (brief intro)',NULL,NULL,NULL,NULL,NULL,NULL,NULL,NULL,NULL,NULL,NULL,NULL,NULL,NULL,NULL,NULL,NULL,NULL,NULL,NULL,NULL,NULL,NULL,NULL,NULL,NULL,NULL,NULL,NULL,NULL,NULL,NULL,NULL,NULL,NULL,NULL,NULL,NULL,NULL,NULL,NULL,'2019-12-01 23:33:49','2019-12-01 23:33:49',NULL),(36,114,0,0,NULL,NULL,'Huff','Yuli',NULL,NULL,NULL,NULL,NULL,NULL,NULL,NULL,NULL,NULL,'1973-09-08',NULL,'female',NULL,NULL,NULL,NULL,NULL,NULL,NULL,NULL,'Deserunt iure archit',NULL,NULL,NULL,NULL,NULL,NULL,NULL,NULL,NULL,NULL,NULL,NULL,NULL,NULL,NULL,NULL,NULL,NULL,NULL,NULL,NULL,NULL,NULL,NULL,NULL,NULL,NULL,NULL,NULL,NULL,NULL,NULL,NULL,NULL,NULL,NULL,NULL,NULL,NULL,NULL,NULL,'2019-12-03 16:09:40','2019-12-03 16:09:40',NULL),(37,115,0,0,NULL,NULL,'Lawson','Otto',NULL,NULL,NULL,NULL,NULL,NULL,NULL,NULL,NULL,NULL,'1992-01-28',NULL,'female',NULL,NULL,NULL,NULL,NULL,NULL,NULL,NULL,'Praesentium proident',NULL,NULL,NULL,NULL,NULL,NULL,NULL,NULL,NULL,NULL,NULL,NULL,NULL,NULL,NULL,NULL,NULL,NULL,NULL,NULL,NULL,NULL,NULL,NULL,NULL,NULL,NULL,NULL,NULL,NULL,NULL,NULL,NULL,NULL,NULL,NULL,NULL,NULL,NULL,NULL,NULL,'2019-12-03 18:42:33','2019-12-03 18:42:33',NULL),(38,116,0,0,NULL,NULL,'Rivas','Malcolm',NULL,NULL,NULL,NULL,NULL,NULL,NULL,NULL,NULL,NULL,'2017-03-03',NULL,'female',NULL,NULL,NULL,NULL,NULL,NULL,NULL,NULL,'Adipisci repudiandae',NULL,NULL,NULL,NULL,NULL,NULL,NULL,NULL,NULL,NULL,NULL,NULL,NULL,NULL,NULL,NULL,NULL,NULL,NULL,NULL,NULL,NULL,NULL,NULL,NULL,NULL,NULL,NULL,NULL,NULL,NULL,NULL,NULL,NULL,NULL,NULL,NULL,NULL,NULL,NULL,NULL,'2019-12-03 19:10:57','2019-12-03 19:10:57',NULL),(39,117,0,0,NULL,NULL,'Bass','Ria',NULL,NULL,NULL,NULL,NULL,NULL,NULL,NULL,NULL,NULL,'2004-10-01',NULL,'female',NULL,NULL,NULL,NULL,NULL,NULL,NULL,NULL,'Consequat Reprehend',NULL,NULL,NULL,NULL,NULL,NULL,NULL,NULL,NULL,NULL,NULL,NULL,NULL,NULL,NULL,NULL,NULL,NULL,NULL,NULL,NULL,NULL,NULL,NULL,NULL,NULL,NULL,NULL,NULL,NULL,NULL,NULL,NULL,NULL,NULL,NULL,NULL,NULL,NULL,NULL,NULL,'2019-12-04 10:09:40','2019-12-04 10:09:40',NULL),(40,118,0,0,NULL,NULL,'Ballard','Hope',NULL,NULL,NULL,NULL,NULL,NULL,NULL,NULL,NULL,NULL,'1999-02-01',NULL,'female',NULL,NULL,NULL,NULL,NULL,NULL,NULL,NULL,'Nobis assumenda nesc',NULL,NULL,NULL,NULL,NULL,NULL,NULL,NULL,NULL,NULL,NULL,NULL,NULL,NULL,NULL,NULL,NULL,NULL,NULL,NULL,NULL,NULL,NULL,NULL,NULL,NULL,NULL,NULL,NULL,NULL,NULL,NULL,NULL,NULL,NULL,NULL,NULL,NULL,NULL,NULL,NULL,'2019-12-04 20:39:07','2019-12-04 20:39:07',NULL),(41,119,0,0,NULL,NULL,'Brooks','Ulla',NULL,NULL,NULL,NULL,NULL,NULL,NULL,NULL,NULL,NULL,'2006-11-01',NULL,'female',NULL,NULL,NULL,NULL,NULL,NULL,NULL,NULL,'Voluptatibus at sit',NULL,NULL,NULL,NULL,NULL,NULL,NULL,NULL,NULL,NULL,NULL,NULL,NULL,NULL,NULL,NULL,NULL,NULL,NULL,NULL,NULL,NULL,NULL,NULL,NULL,NULL,NULL,NULL,NULL,NULL,NULL,NULL,NULL,NULL,NULL,NULL,NULL,NULL,NULL,NULL,NULL,'2019-12-16 16:15:56','2019-12-16 16:15:56',NULL),(42,120,0,0,NULL,NULL,'Butler','Elizabeth',NULL,NULL,NULL,NULL,NULL,NULL,NULL,NULL,NULL,NULL,'2011-07-23',NULL,'female',NULL,NULL,NULL,NULL,NULL,NULL,NULL,NULL,'Facere autem ut quia',NULL,NULL,NULL,NULL,NULL,NULL,NULL,NULL,NULL,NULL,NULL,NULL,NULL,NULL,NULL,NULL,NULL,NULL,NULL,NULL,NULL,NULL,NULL,NULL,NULL,NULL,NULL,NULL,NULL,NULL,NULL,NULL,NULL,NULL,NULL,NULL,NULL,NULL,NULL,NULL,NULL,'2019-12-16 16:18:15','2019-12-16 16:18:15',NULL),(43,121,0,0,NULL,NULL,'Bender','Camden',NULL,NULL,NULL,NULL,NULL,NULL,NULL,NULL,NULL,NULL,'1979-10-05',NULL,'female',NULL,NULL,NULL,NULL,NULL,NULL,NULL,NULL,'Ullam dolore fugiat',NULL,NULL,NULL,NULL,NULL,NULL,NULL,NULL,NULL,NULL,NULL,NULL,NULL,NULL,NULL,NULL,NULL,NULL,NULL,NULL,NULL,NULL,NULL,NULL,NULL,NULL,NULL,NULL,NULL,NULL,NULL,NULL,NULL,NULL,NULL,NULL,NULL,NULL,NULL,NULL,NULL,'2019-12-16 16:41:24','2019-12-16 16:41:24',NULL),(44,122,1,1,'Nihil assumenda dolo','Magni tenetur ex ame','Hoover','Francesca','Leroy Doyle','Libero vel illo rem ','option 4','option 3','option 4','option 3','1996-10-10','option 3',10,'option 3','2000-03-25','Error minus ut amet','Female','Maried','Quo ut in suscipit f','Soluta consectetur e','Eveniet aliquam qui','Hic impedit ut quo ','Id esse eum officia','Voluptas unde aut ut','Voluptatum ullamco i',NULL,'Voluptas asperiores ','option1','option2','Country 1','Dolorem at in dolore','Quia ab vero nihil f','Libero facere magna ','Molestiae tempora ea','Possimus dicta sit','Ad temporibus culpa ','86831','Quos rem repudiandae','Dolorem ut illo non ',NULL,'Et ipsam occaecat se','24','Ea id saepe qui fugi','Dolores quaerat quia','Eum voluptas velit r','[]','Blackburn',NULL,'Ciara Benton','Ea tempor magnam eum','John Farrell','Velit ut veniam iu','+1 (988) 375-1085','Rosa','Rhona','Pearl Washington','Woods','September','Danielle Thomas','[{\"name\":\"Laudantium similiqu\",\"dob\":\"2003-12-27\",\"age\":\"96\"},{\"name\":\"Vero sunt excepteur \",\"dob\":\"1993-03-26\",\"age\":\"13\"},{\"name\":\"Commodo eos dolore \",\"dob\":\"1995-05-16\",\"age\":\"56\"}]','[{\"level\":\"Et Nam rerum totam c\",\"name_of_school\":\"Proident veritatis \",\"degree_course\":\"Cumque et veniam do\",\"year_graduated\":\"Qui magna aute dicta\",\"highest_grade_level_units_earned\":\"Dolorem voluptate en\",\"date_from\":\"1998-01-15\",\"date_to\":\"1978-09-03\",\"scholarship_academic_honors_recieved\":\"Voluptatem voluptas \"},{\"level\":\"Non dolores reprehen\",\"name_of_school\":\"Repudiandae et illo \",\"degree_course\":\"Facilis est cumque v\",\"year_graduated\":\"Impedit laborum min\",\"highest_grade_level_units_earned\":\"Occaecat adipisci mo\",\"date_from\":\"2002-02-02\",\"date_to\":\"1999-08-04\",\"scholarship_academic_honors_recieved\":\"Magni dolore volupta\"},{\"level\":\"Sed quia ab cum vel \",\"name_of_school\":\"Modi sed accusamus r\",\"degree_course\":\"Voluptatem fugiat e\",\"year_graduated\":\"Qui nostrud saepe no\",\"highest_grade_level_units_earned\":\"Architecto enim quod\",\"date_from\":\"2001-04-15\",\"date_to\":\"2006-08-23\",\"scholarship_academic_honors_recieved\":\"Nostrum possimus od\"}]','[{\"type_of_eligibility\":\"Neque optio ut aute\",\"career_service_under_special_laws_ces_csee\":\"Enim voluptatem inve\",\"rating\":\"Aut obcaecati atque \",\"date_of_examination_conferment\":\"1996-01-21\",\"place_of_examination_conferment\":\"Labore omnis eveniet\",\"highest_grade_level_units_earned\":\"Nemo est accusamus \",\"licince_no\":\"Et et in omnis ea te\",\"date_of_release\":\"2005-04-27\"},{\"type_of_eligibility\":\"In debitis voluptate\",\"career_service_under_special_laws_ces_csee\":\"Sapiente qui totam n\",\"rating\":\"Totam nostrud incidi\",\"date_of_examination_conferment\":\"2011-05-27\",\"place_of_examination_conferment\":\"Nostrum in eos et u\",\"highest_grade_level_units_earned\":\"Cupidatat ratione et\",\"licince_no\":\"Pariatur Exercitati\",\"date_of_release\":\"2015-09-11\"},{\"type_of_eligibility\":\"Vel obcaecati repreh\",\"career_service_under_special_laws_ces_csee\":\"Facere laborum ut de\",\"rating\":\"Tenetur sit explicab\",\"date_of_examination_conferment\":\"1977-10-10\",\"place_of_examination_conferment\":\"Consectetur adipisic\",\"highest_grade_level_units_earned\":\"Enim beatae ab offic\",\"licince_no\":\"Ducimus quaerat ten\",\"date_of_release\":\"2019-10-21\"}]','[{\"include_date_from\":\"1990-07-04\",\"include_date_to\":\"1985-09-19\",\"position_title\":\"Doloribus consequatu\",\"department_agency_office_company\":\"Odio sint hic cum de\",\"monthly_salary\":\"51\",\"salary_grade_step_increment\":\"Ratione quibusdam al\",\"status_of_appointment\":\"Quas eum deleniti ra\",\"govt_service\":\"Fugiat tempor deleni\"},{\"include_date_from\":\"1981-11-01\",\"include_date_to\":\"1983-06-17\",\"position_title\":\"Sunt aut ea ab cupid\",\"department_agency_office_company\":\"Qui optio culpa arc\",\"monthly_salary\":\"8\",\"salary_grade_step_increment\":\"Rerum ipsa quos con\",\"status_of_appointment\":\"Ea in non qui qui am\",\"govt_service\":\"Optio possimus Nam\"}]','[{\"name_address_of_organization\":\"Omnis voluptas minus\",\"include_date_from\":\"2016-08-16\",\"include_date_to\":\"2005-01-12\",\"number_of_hours\":\"10\",\"position_nature_of_work\":\"Tempor enim sed aut \"},{\"name_address_of_organization\":\"Aute et cum in in si\",\"include_date_from\":\"1976-08-12\",\"include_date_to\":\"2019-02-02\",\"number_of_hours\":\"60\",\"position_nature_of_work\":\"Excepteur qui sint s\"}]','[{\"title_of_learning_and_dev_inventions_tp\":\"Eius libero ea unde \",\"include_date_from\":\"1993-09-11\",\"include_date_to\":\"1994-03-05\",\"number_of_hours\":\"73\",\"tpy_of_ld\":\"Lorem at sit labore\",\"conducted_sponsored_by\":\"Quia suscipit dolore\"},{\"title_of_learning_and_dev_inventions_tp\":\"Nobis quaerat molest\",\"include_date_from\":\"1974-07-08\",\"include_date_to\":\"2016-02-14\",\"number_of_hours\":\"81\",\"tpy_of_ld\":\"Consequuntur reicien\",\"conducted_sponsored_by\":\"Rerum impedit dicta\"},{\"title_of_learning_and_dev_inventions_tp\":\"Ut quaerat odit veni\",\"include_date_from\":\"2017-05-10\",\"include_date_to\":\"1990-12-10\",\"number_of_hours\":\"97\",\"tpy_of_ld\":\"Velit quasi similiqu\",\"conducted_sponsored_by\":\"Ex praesentium autem\"}]','[{\"special_skills_hobbies\":\"Fuga Repellendus Q\",\"non_academic_distinctions_recognitions\":\"Odio sit minus id s\",\"membership_in_assoc_org\":\"Cillum eiusmod asper\"},{\"special_skills_hobbies\":\"Qui eu natus irure p\",\"non_academic_distinctions_recognitions\":\"Aliqua Eum molestia\",\"membership_in_assoc_org\":\"Ullamco neque in et \"},{\"special_skills_hobbies\":\"Cillum earum at temp\",\"non_academic_distinctions_recognitions\":\"Cillum sunt ullamco \",\"membership_in_assoc_org\":\"Quaerat neque repudi\"}]','[{\"name\":\"Omnis qui laborum D\",\"address\":\"Sed adipisicing cons\",\"tel_no\":\"Non repellendus Sus\"},{\"name\":\"Aut cupiditate elit\",\"address\":\"Et dolor laudantium\",\"tel_no\":\"Asperiores omnis aut\"}]','2019-12-22 19:24:47','2019-12-22 19:24:47',NULL),(45,123,0,0,NULL,NULL,'Olsen','Megan',NULL,NULL,NULL,NULL,NULL,NULL,NULL,NULL,NULL,NULL,'2014-10-28',NULL,'female',NULL,NULL,NULL,NULL,NULL,NULL,NULL,NULL,'Assumenda est autem',NULL,NULL,NULL,NULL,NULL,NULL,NULL,NULL,NULL,NULL,NULL,NULL,NULL,NULL,NULL,NULL,NULL,NULL,NULL,NULL,NULL,NULL,NULL,NULL,NULL,NULL,NULL,NULL,NULL,NULL,NULL,NULL,NULL,NULL,NULL,NULL,NULL,NULL,NULL,NULL,NULL,'2019-12-28 10:16:12','2019-12-28 10:16:12',NULL),(46,124,0,0,NULL,NULL,'Davenport','Eugenia',NULL,NULL,NULL,NULL,NULL,NULL,NULL,NULL,NULL,NULL,'2011-08-17',NULL,'female',NULL,NULL,NULL,NULL,NULL,NULL,NULL,NULL,'Sed labore in volupt',NULL,NULL,NULL,NULL,NULL,NULL,NULL,NULL,NULL,NULL,NULL,NULL,NULL,NULL,NULL,NULL,NULL,NULL,NULL,NULL,NULL,NULL,NULL,NULL,NULL,NULL,NULL,NULL,NULL,NULL,NULL,NULL,NULL,NULL,NULL,NULL,NULL,NULL,NULL,NULL,NULL,'2019-12-28 18:54:11','2019-12-28 18:54:11',NULL);

/*Table structure for table `role_user` */

DROP TABLE IF EXISTS `role_user`;

CREATE TABLE `role_user` (
  `role_id` int(10) unsigned NOT NULL,
  `user_id` int(10) unsigned NOT NULL,
  PRIMARY KEY (`role_id`,`user_id`),
  KEY `role_user_user_id_foreign` (`user_id`),
  CONSTRAINT `role_user_role_id_foreign` FOREIGN KEY (`role_id`) REFERENCES `roles` (`id`) ON DELETE CASCADE,
  CONSTRAINT `role_user_user_id_foreign` FOREIGN KEY (`user_id`) REFERENCES `users` (`id`) ON DELETE CASCADE
) ENGINE=InnoDB DEFAULT CHARSET=utf8mb4 COLLATE=utf8mb4_unicode_ci;

/*Data for the table `role_user` */

insert  into `role_user`(`role_id`,`user_id`) values (3,4),(4,5),(4,6),(5,50),(5,51),(5,52),(5,53),(5,56),(5,57),(5,58),(5,60),(5,61),(5,63),(5,64),(5,65),(5,66),(5,67),(5,68),(5,70),(5,71),(5,72),(5,73),(5,75),(5,76),(5,77),(5,86),(5,87),(5,88),(5,89),(5,90),(5,91),(5,92),(5,93),(5,95),(5,96),(5,97),(5,98),(5,99),(5,100),(5,101),(5,102),(5,103),(5,104),(3,105),(5,106),(5,107),(5,108),(5,109),(5,110),(5,111),(5,112),(5,113),(5,114),(5,115),(5,116),(5,117),(5,118),(5,119),(5,120),(5,121),(5,123),(5,124);

/*Table structure for table `roles` */

DROP TABLE IF EXISTS `roles`;

CREATE TABLE `roles` (
  `id` int(10) unsigned NOT NULL AUTO_INCREMENT,
  `name` varchar(255) COLLATE utf8mb4_unicode_ci NOT NULL,
  `label` varchar(255) COLLATE utf8mb4_unicode_ci DEFAULT NULL,
  `created_at` timestamp NULL DEFAULT NULL,
  `updated_at` timestamp NULL DEFAULT NULL,
  PRIMARY KEY (`id`)
) ENGINE=InnoDB AUTO_INCREMENT=6 DEFAULT CHARSET=utf8mb4 COLLATE=utf8mb4_unicode_ci;

/*Data for the table `roles` */

insert  into `roles`(`id`,`name`,`label`,`created_at`,`updated_at`) values (3,'Admin','Admin','2019-11-02 19:28:07','2019-11-02 19:28:07'),(4,'User','User','2019-11-02 19:28:20','2019-11-02 19:28:20'),(5,'jobseeker','jobseeker','2019-11-25 18:13:59','2019-11-25 18:13:59');

/*Table structure for table `sample_cruds` */

DROP TABLE IF EXISTS `sample_cruds`;

CREATE TABLE `sample_cruds` (
  `id` int(10) unsigned NOT NULL AUTO_INCREMENT,
  `created_at` timestamp NULL DEFAULT NULL,
  `updated_at` timestamp NULL DEFAULT NULL,
  `deleted_at` timestamp NULL DEFAULT NULL,
  `first_name` varchar(255) COLLATE utf8mb4_unicode_ci DEFAULT NULL,
  `last_name` varchar(255) COLLATE utf8mb4_unicode_ci DEFAULT NULL,
  PRIMARY KEY (`id`)
) ENGINE=InnoDB DEFAULT CHARSET=utf8mb4 COLLATE=utf8mb4_unicode_ci;

/*Data for the table `sample_cruds` */

/*Table structure for table `users` */

DROP TABLE IF EXISTS `users`;

CREATE TABLE `users` (
  `id` int(10) unsigned NOT NULL AUTO_INCREMENT,
  `name` varchar(255) COLLATE utf8mb4_unicode_ci NOT NULL,
  `email` varchar(255) COLLATE utf8mb4_unicode_ci NOT NULL,
  `email_verified_at` timestamp NULL DEFAULT NULL,
  `password` varchar(255) COLLATE utf8mb4_unicode_ci DEFAULT NULL,
  `remember_token` varchar(100) COLLATE utf8mb4_unicode_ci DEFAULT NULL,
  `created_at` timestamp NULL DEFAULT NULL,
  `updated_at` timestamp NULL DEFAULT NULL,
  PRIMARY KEY (`id`),
  UNIQUE KEY `users_email_unique` (`email`)
) ENGINE=InnoDB AUTO_INCREMENT=125 DEFAULT CHARSET=utf8mb4 COLLATE=utf8mb4_unicode_ci;

/*Data for the table `users` */

insert  into `users`(`id`,`name`,`email`,`email_verified_at`,`password`,`remember_token`,`created_at`,`updated_at`) values (4,'admin3','admin3@admin3.com',NULL,'$2y$10$Hx8lPU11CeWk1c1k7/EJIuZ3.R247olBca7c2pZ9WHwSNgnO1oHve','S1ckmlt9j2r6BuLchd04q3CiGNIJQH87Gmbe3uCdLb81JqvK8WYfNrMZe7Pk','2019-11-02 19:33:18','2019-11-02 19:35:24'),(5,'user@user..com','user@user.com',NULL,'$2y$10$mgesCbU63n6SE8naWpItje3K1XMTh6Nx1E5owvpHw8ofjubFpZyea',NULL,'2019-11-24 05:36:51','2019-11-24 05:36:51'),(6,'Lara Robinson','josy@mailinator.net',NULL,'$2y$10$nMPSfZ3f5yLDJ1podJtNiuC4ysC0aM8ArC5RlvfXVdSH58gdnA8ty','cXOWIRPLHyclWS2CIgD5EHfwEvoarz3hd1gqgpCSFGl8xq1Xr6o4iFBDuD15','2019-11-25 14:32:14','2019-11-25 14:32:14'),(7,'Sims, William','bifyzovula@mailinator.com',NULL,'$2y$10$SFkQdw83Hw1.NCS5XAV8NOj/PtOYhjXY3J7y2SyJtdg4TNqjRuDIq',NULL,'2019-11-25 16:19:48','2019-11-25 16:19:48'),(8,'Huff, Glenna','nacyqy@mailinator.net',NULL,'$2y$10$rHe2YmtDwZJnQhpBoiZJBOxLT.2mJbaoCherKTzpqtiDYDHatzF5q',NULL,'2019-11-25 16:21:42','2019-11-25 16:21:42'),(9,'Lynch, Hilda','quhyxav@mailinator.net',NULL,'$2y$10$VEv36SBPbSdS0.gyBoge4.yxcISXq5McYocRSpAsVcWW8Ltf4V8GW',NULL,'2019-11-25 16:22:59','2019-11-25 16:22:59'),(10,'Christensen, Kirby','muzapopo@mailinator.net',NULL,'$2y$10$hnX5H5yDIrrdHW2QeFbrE.GmxrRCewc4su4YrA9bR4KjZsMNc9iOK',NULL,'2019-11-25 16:24:52','2019-11-25 16:24:52'),(12,'Mosley, Xavier','mehequleva@mailinator.net',NULL,'$2y$10$ltBAnMNE5gxp5KrEAgHLbePVv0eQeCoUr/HuKbObr4k1tsjbK48cG',NULL,'2019-11-25 16:25:34','2019-11-25 16:25:34'),(13,'Murphy, Jayme','qomusakyqi@mailinator.com',NULL,'$2y$10$hoHaACr9G5ASZRJVjDmc4.7GQKrzuh2NtuHM2LON9Py2aFA6Kkw2G',NULL,'2019-11-25 16:30:00','2019-11-25 16:30:00'),(14,'Wyatt, Alice','qosej@mailinator.com',NULL,'$2y$10$dIr6NXPrWXlYuNiL/SDgc.R5PLEn4kfeAwcE2NhoMRbw0V.YUHPYi',NULL,'2019-11-25 16:30:59','2019-11-25 16:30:59'),(15,'Nichols, Tasha','xijusip@mailinator.com',NULL,'$2y$10$7UJ7vmQc7XMs2xkIIGBvpedWC5CVRIqeNduR2q8g7fAc9ROIo3zhO',NULL,'2019-11-25 16:32:56','2019-11-25 16:32:56'),(16,'Lowe, Avram','kejequj@mailinator.net',NULL,'$2y$10$Lqksywp3LZdwobZxcrJgiuWSjbUjInOc7Hc6Do48XXORKgtCvYc.i',NULL,'2019-11-25 16:33:46','2019-11-25 16:33:46'),(19,'Powell, Linda','jizofezaj@mailinator.com',NULL,'$2y$10$0Za6VXxytmoEWJzwztIR0uRUEStvpMT3U9QzV8yi/5hdK/ulNQC0e',NULL,'2019-11-25 16:36:15','2019-11-25 16:36:15'),(20,'Rodriguez, Ivy','pocogak@mailinator.net',NULL,'$2y$10$dn3TSmmL.MetXNsUq.cbUOmFuwLncWORUM0F8tA8N3mgbrUqfFaJe',NULL,'2019-11-25 16:36:49','2019-11-25 16:36:49'),(25,'Serrano, Alec','refytahe@mailinator.net',NULL,'$2y$10$GxZ2sXGEOlCmsWIW94jEE.xTtXAg5dQMl.Mo/oIafWztWbzQAihQa',NULL,'2019-11-25 17:42:23','2019-11-25 17:42:23'),(26,'Larson, Alexander','xicubuseny@mailinator.net',NULL,'$2y$10$Kx6BHwYe4KgdllvYQQ5As.bj5t/uqqK44SAN2I1CYs.0Nbps3IrCy',NULL,'2019-11-25 17:43:29','2019-11-25 17:43:29'),(27,'Campos, Tarik','naxesiqady@mailinator.com',NULL,'$2y$10$GeeAodtqcXTQHFOO1b3fX..MJn0jEHEJNoznqXNoW0PHpB7uLInnm',NULL,'2019-11-25 17:44:12','2019-11-25 17:44:12'),(28,'Beard, Whilemina','zazehux@mailinator.net',NULL,'$2y$10$ZhVxBggkYeCiQP7ef5pHceQcnj8DHAp87K0xwRJ.JiKu.qxGO/u5m',NULL,'2019-11-25 17:44:42','2019-11-25 17:44:42'),(29,'Chan, Evan','vuwafojo@mailinator.com',NULL,'$2y$10$ItisDUFPgMXQwkdhM4ZBXOZ8BPxu.j1KbRzlyKzFHRoh7HzwgiR1K','AsUnNzi513X07aU6j0okBp1iZ8gk9tW03n5btZYLsh34tBwkQIjubn0WW0jW','2019-11-25 17:45:04','2019-11-25 17:45:04'),(30,'Parrish, Anjolie','vuriburog@mailinator.com',NULL,'$2y$10$hO0eWzZYCwPCH6lm6LYwQuSQGHZcUvKbyVjxBI31lchLnng4Zqgjq',NULL,'2019-11-25 17:45:32','2019-11-25 17:45:32'),(31,'Goodman, Blaine','bavi@mailinator.net',NULL,'$2y$10$.nw5rdX/AdHaZqwgfbpnfOXci877prhttiIeybpNigj3pGQcsr4LO',NULL,'2019-11-25 17:46:01','2019-11-25 17:46:01'),(32,'Reyes, Keaton','paquqe@mailinator.com',NULL,'$2y$10$.bjjC9LomXFiipoQkTozzOuXD7lzWpfF7SM2t8FVM0xNQhZ1k.kny',NULL,'2019-11-25 17:49:01','2019-11-25 17:49:01'),(33,'Boone, Minerva','niqy@mailinator.com',NULL,'$2y$10$EEiUouF.USzQ0hG0Y5mQSeiyHHZXXEJWQ8ft8EQMIIxZNK1PbeDn6',NULL,'2019-11-25 17:49:18','2019-11-25 17:49:18'),(34,'Kent, Ariana','buqiky@mailinator.net',NULL,'$2y$10$nxF6qJoA48V2.z9Y3eSXI.6MB8itu7bjJJn2K5zc3aMPXWiAY0Flq',NULL,'2019-11-25 17:50:07','2019-11-25 17:50:07'),(35,'Glover, Erin','zyma@mailinator.net',NULL,'$2y$10$.WCx8RcbWPCA1RKhRLg4..vHTX7rAmlMl4hng7R3yTymMz9nLRfCe','36N4obT06efVIZVQgGwiP6zPZ6l3Hmdik6AP5rYzo0eOpwetZ0x1zbTGoTvD','2019-11-25 17:50:43','2019-11-25 17:50:43'),(36,'Joyner, Liberty','vyfugywap@mailinator.net',NULL,'$2y$10$MbmpXLEEecGiS44l5INebuA2Rcl9hyxg4Y9R6LzVhfAZHPKrlwLTa',NULL,'2019-11-25 17:51:29','2019-11-25 17:51:29'),(37,'Tillman, Harper','nopujizi@mailinator.com',NULL,'$2y$10$GVTjKGuRIrQqaZdqEbPO/u4DtnH72UF5wEM.eO3Pr4Os1LXutWVhC',NULL,'2019-11-25 17:52:06','2019-11-25 17:52:06'),(38,'Hawkins, Kessie','nizomofyvu@mailinator.com',NULL,'$2y$10$o4zH5vpHGccqeaV.F2MyruD/eoWNe/OEQgXbWWklip.OsTHY60qtO',NULL,'2019-11-25 17:52:41','2019-11-25 17:52:41'),(39,'Larson, Lesley','gydyvolo@mailinator.com',NULL,'$2y$10$/nM40OJPDVB6vVrDXxk2aOts.xPZMuiDuoChjLIEr.zJ6JH9v5BxO',NULL,'2019-11-25 17:52:50','2019-11-25 17:52:50'),(40,'Brooks, Breanna','ratuvudu@mailinator.net',NULL,'$2y$10$q82AYvFLoRYx8a1AG.ciAe.leomKoLgpBIPlFDlQz06wKlMZxLxNK',NULL,'2019-11-25 17:54:20','2019-11-25 17:54:20'),(41,'Soto, Glenna','ryfoj@mailinator.com',NULL,'$2y$10$0F/oqTCMhn3W8f7kYcb5LuwTLjBOp4rhlz64Vw9EtwaqX4NwTNA5S','uD61O4ocE7KcrdIaA5LN6IOBFgnHwaGMCGsi6TTrltf1XKXx0aNkrc1Ey5tp','2019-11-25 17:54:53','2019-11-25 17:54:53'),(42,'Jackson, Jacob','pepyc@mailinator.net',NULL,'$2y$10$X2nlj/Cyb362ntWJBhiPKu.qwi19jrMhE6dPJBUCZzLreaGb/2TfG',NULL,'2019-11-25 17:55:42','2019-11-25 17:55:42'),(43,'Gilbert, Helen','wiwinufe@mailinator.net',NULL,'$2y$10$jlVw34lBFkh3ifiUfCFmsemg0flpyCKjVwbO7Bfx2gK9cEHqOgxAm',NULL,'2019-11-25 17:57:04','2019-11-25 17:57:04'),(44,'Gamble, Timon','dutohul@mailinator.com',NULL,'$2y$10$WuSw6KlqXU141VXkKq7hLuTkyvWX/iW6TuybnwYBzXNPKZhfT2qO.',NULL,'2019-11-25 18:02:10','2019-11-25 18:02:10'),(45,'Potts, Brianna','xupemyjejo@mailinator.net',NULL,'$2y$10$4ESTo8oRWMJ8t6DrDtphPOG5iEVmiSES8za0Vnuh1cx1kdYol4Lg2',NULL,'2019-11-25 18:02:46','2019-11-25 18:02:46'),(46,'Sullivan, Ebony','vilelu@mailinator.com',NULL,'$2y$10$ubpVOLCjtBUfwMjNJSAtmuTQNCMZKQuTssZOErTIRnIwse..E.v3G',NULL,'2019-11-25 18:06:16','2019-11-25 18:06:16'),(47,'Villarreal, Louis','wewim@mailinator.com',NULL,'$2y$10$iMhYaoUQcSQ8NVupq8cxdeYvkyiqVaRZubETFsAmX2bt28.cBLuHi',NULL,'2019-11-25 18:06:27','2019-11-25 18:06:27'),(48,'Dillard, Iola','tarajam@mailinator.com',NULL,'$2y$10$eDs3QQGva4/3QQWHb5RmnugKoduNo7tor0K168A5pah3MT6HAvZOG',NULL,'2019-11-25 18:09:21','2019-11-25 18:09:21'),(49,'Barnett, Audra','dopiv@mailinator.net',NULL,'$2y$10$D0CvqCPGggS0eWNKFflnFucLLicp9v540ebe/kOzbW2xYhaR1tku2',NULL,'2019-11-25 18:10:02','2019-11-25 18:10:02'),(50,'Risa Hicks','tyhowyxico@mailinator.com',NULL,'$2y$10$Hp5aERppKDswd7s2yQMkduCYUbLoDyLVNFZ7LIUhd1tvTgk2WAWIO',NULL,'2019-11-25 20:08:12','2019-11-25 20:08:12'),(51,'Hyatt Noel','nuvoj@mailinator.net',NULL,'$2y$10$JpWMlhh9X0MfN8ho9zqIaOlgWCh9D2V/gUhFUerZFMSYUjW9NhS5W',NULL,'2019-11-25 20:08:28','2019-11-25 20:08:28'),(52,'Reece Buck','gaheje@mailinator.net',NULL,'$2y$10$gApVYKnqbcsplBv0MDE/juS8w5b1b.8/NcZe6vXXak9y0i55HXWgW',NULL,'2019-11-25 20:11:52','2019-11-25 20:11:52'),(53,'Quentin Willis','xeloruqi@mailinator.com',NULL,'$2y$10$.KeoW4SimtIOsJgFr/sdaOEUPfOq1t.r.WnqaVxRhw/sng10J2iXK',NULL,'2019-11-25 20:18:07','2019-11-25 20:18:07'),(56,'Hedley Jordan','tuqyr@mailinator.com',NULL,'$2y$10$HlifbDq5MF.ikgVa0ZY0EOADE3ZvDdsu8D8OUeMKn3327uFG1HWLK',NULL,'2019-11-25 20:19:26','2019-11-25 20:19:26'),(57,'Blythe Ball','vule@mailinator.com',NULL,'$2y$10$.Vqxum8G1L8yF4xCms3k8.d6KCVwsYkB8T24Jn.OSheyiEUwmYfbi',NULL,'2019-11-25 20:20:42','2019-11-25 20:20:42'),(58,'Lucius Guy','giweva@mailinator.com',NULL,'$2y$10$lsjJTHyHMfg6UgywHkc/Ieo9zlhYZzOzBFMb4FWYOcghB2mPGFEeW','lEMyY9ct5yzF2XOIeyuOoYrPcX4Wt56D1MpvxHLmrVLU76jF9fWw5RbLjWyN','2019-11-25 20:23:13','2019-11-25 20:23:13'),(60,'Nathaniel Dominguez','jolunyreto@mailinator.net',NULL,'$2y$10$8mW05f3iiiXVVz.1KVrFjOQFrSrwnWBVuSj6tE9YhjDIy4VxnxWj2',NULL,'2019-11-25 20:24:42','2019-11-25 20:24:42'),(61,'Clarke English','cecuwiheny@mailinator.net',NULL,'$2y$10$aFqyqQbDi1eqq5hqbi3/bO4A/NCiGZrv6cnKp5WhUaN2ohuIHFXqq',NULL,'2019-11-25 20:25:07','2019-11-25 20:25:07'),(63,'Tallulah Fischer','cyta@mailinator.net',NULL,'$2y$10$55fpvZb.0jfdXNuQjGlkUualkTPPRr2FZSQF1x1Un9Z8IGl8L8o4m',NULL,'2019-11-25 20:25:40','2019-11-25 20:25:40'),(64,'Hayes Young','tyroky@mailinator.com',NULL,'$2y$10$aRPYmDWywWUhhblTeax71uyc6R5oUQ8WC6nWEM0foKgX/2Io6CC/y',NULL,'2019-11-25 20:28:23','2019-11-25 20:28:23'),(65,'JS JHONAR','jsjhonar@jsjhonar.com',NULL,'$2y$10$MuLC9gUzLgMTrA7dK6rfi.ykz90ZU3o.0oJwyIDZkmdSdDXmMchN6',NULL,'2019-11-25 20:30:22','2019-11-25 20:30:22'),(66,'Omar Williams','winij@mailinator.net',NULL,'$2y$10$e.WF6K9JgyyHkcJXjyrIZ.cdWD5L52UDNs8Di2FGoH0dykZZuP3Fq',NULL,'2019-12-01 13:32:46','2019-12-01 13:32:46'),(67,'Elvis Mays','nyrybeq@mailinator.com',NULL,'$2y$10$WtRwTRmUCMYRhFqYupistupuUpVkX2qi5VEUtmliTAev37jvzt1ky',NULL,'2019-12-01 14:38:41','2019-12-01 14:38:41'),(68,'Cheryl Wiggins','nixygov@mailinator.net',NULL,'$2y$10$RqtNWbraprj1ZG95HjO30u8s37hUWnfdvO25zJmZBg0lPv47hQWaG',NULL,'2019-12-01 14:39:11','2019-12-01 14:39:11'),(70,'Mark Macias','vocal@mailinator.com',NULL,'$2y$10$JG1VqCRZl.RB/P/A5ga5veOeHL8pApnsig6lKITttN8EUzzQSx2fe',NULL,'2019-12-01 14:41:12','2019-12-01 14:41:12'),(71,'Keegan Armstrong','facad@mailinator.com',NULL,'$2y$10$ZEAFRvHUxE2uXp9jXsHjw.fvqbx6UJDsSEVi5z4sHqXHHQWcdR7..',NULL,'2019-12-01 14:43:22','2019-12-01 14:43:22'),(72,'Lois Lawson','pexopoqyh@mailinator.net',NULL,'$2y$10$c417IOnmtgtJ.EIBtlLdTOip2lfVl2XuDJCHRpUPH0g7LjhFb9x0W',NULL,'2019-12-01 14:44:39','2019-12-01 14:44:39'),(73,'Regina Talley','kobotyf@mailinator.com',NULL,'$2y$10$S77p2IbEhrJlxXGKqUAbl.uEiImD3qK8dV2RMNosogL6w55dCeAW.',NULL,'2019-12-01 14:47:56','2019-12-01 14:47:56'),(75,'Hilary Nieves','supusahu@mailinator.com',NULL,'$2y$10$2p7vPUtXGqlHHVLjExX3We0wQ4dGED8e5sFU4.HuJthqxQ7qjBYI.',NULL,'2019-12-01 14:48:54','2019-12-01 14:48:54'),(76,'Maisie Acevedo','foxixy@mailinator.com',NULL,'$2y$10$QbwyG6PYjeUbyvKO3SSCme9wMN3Lf4.7P5HA2nt4djU7qH6yyScum',NULL,'2019-12-01 14:53:47','2019-12-01 14:53:47'),(77,'Yen Harris','gono@mailinator.com',NULL,'$2y$10$8uLhH3dMAJbBBruBwb6puOF6Tyc2L9JC0Ttex35r1UqZtoUN2E8U6',NULL,'2019-12-01 14:54:29','2019-12-01 14:54:29'),(78,'Lesley Alexander','qyveki@mailinator.net',NULL,'$2y$10$7K8yNsKyKtBDJPIT2s0wzOZ6D8NiGkApe1On33K3m08EtEWUFkuLi',NULL,'2019-12-01 17:51:47','2019-12-01 17:51:47'),(80,'Barclay Bowers','nixagegah@mailinator.com',NULL,'$2y$10$JXn.QSC9ql.pw1qIhBjziOIAsork7fDMtjFq42g5UIBDqWMuFxh2m',NULL,'2019-12-01 17:52:50','2019-12-01 17:52:50'),(81,'Adrian Benjamin','vyqevyfo@mailinator.net',NULL,'$2y$10$IYCGbVfJerGPQOplvbQRVOHI0boU06Tg6XoTxWzOPh9hjgPyEV61.',NULL,'2019-12-01 17:53:38','2019-12-01 17:53:38'),(82,'Hector Sloan','pezeziles@mailinator.net',NULL,'$2y$10$M8YfVh.VbLWYnTXKbdtpNuWP5Uiu5CwdgCoYNApiASf/IGiNS2zay',NULL,'2019-12-01 17:54:25','2019-12-01 17:54:25'),(84,'Carla Hart','vowypuji@mailinator.com',NULL,'$2y$10$bwFBbpRz3f7rpg8ZBvsJBOBoXiRu.pXpLlq64OkJGqXWXwT0SQIIe',NULL,'2019-12-01 17:54:55','2019-12-01 17:54:55'),(86,'Emma Vaughan','cywep@mailinator.com',NULL,'$2y$10$pcwfY5R36pquPqK5Hh.nWejupjNa7tLtehFP0IFyrdNZDN0p3d3Zq',NULL,'2019-12-01 17:56:16','2019-12-01 17:56:16'),(87,'Dora Montoya','vubuk@mailinator.net',NULL,'$2y$10$Z5z4rAsRp/64j6zfssmYmOL2Fl4vxf2hFd/3at2EhdpOrnJ2uMJj.',NULL,'2019-12-01 17:57:37','2019-12-01 17:57:37'),(88,'Alexa Mcclain','recu@mailinator.com',NULL,'$2y$10$I6A.wusMwziwJHzoQT/p2.Lvpf9qpaAJ4Ul/RatPvI6AuT7aY9ZQW','IvTRwNMVwnkkahRN8iH0q9qPDhcGd3cCYo2ZrfIRXeHHHIeabDMcA44mjPi7','2019-12-01 18:04:24','2019-12-01 18:04:24'),(89,'Brielle Mcdonald','nipocod@mailinator.com',NULL,'$2y$10$WwqLW/VpGuTQI73VzJAW5uBbMb.GORNghFTSmXMNRf9inh1/XHvq2',NULL,'2019-12-01 18:48:53','2019-12-01 18:48:53'),(90,'Taylor Matthews','disufoho@mailinator.com',NULL,'$2y$10$r49oT7faPwUuTMIvd3jdLu.3CsWJrzGHfaoyiZAkql7W0pJv0S/pO','pIN1HvfEyltFReY7zhWM2MGkmS9hBCfV9VTEzcNKGCIf7mzSYxfT329IY8sK','2019-12-01 18:51:16','2019-12-01 18:51:16'),(91,'Amy Gilliam','safedotyky@mailinator.net',NULL,'$2y$10$7DRRXQqxlnsmeSaWf0i2i.yEDORgfiSGLbZj5mRtRmMJPE1foSV4q','NPqE9tJrGlqU295CtqRr6ZLskTHh78vlrhQ4eRPEBKRJvraFHWKnNf4k8Y9M','2019-12-01 19:02:44','2019-12-01 19:02:44'),(92,'Lois Workman','vijepod@mailinator.net',NULL,'$2y$10$Xs/zC0rN2PBgK9TBKincIeWphdH5YFupm2dvzRIIkbvL6cUTTFvwa','l1m1ry1GPD3xBoWnXYXysV6i13fAkmau498r81QJWNr7HbdsXthS8Ir7uqw8','2019-12-01 19:05:00','2019-12-01 19:05:00'),(93,'Elliott Holmes','visyfo@mailinator.net',NULL,'$2y$10$XSVIsimvMcqjM6UZTYDeJOV9DsBGKUjvNi3uxTH/mcysJvl4fgAym',NULL,'2019-12-01 19:52:04','2019-12-01 19:52:04'),(95,'Halee Grant','cimy@mailinator.com',NULL,'$2y$10$ABX6jckPZgaQ49JYkqXAM.p6OTNnE9V7hSryRveBNjuxq7WTsByCu','mZtqGr3tsqcLjSY6wmGRaYMIjcR5AtWiHHrpqFZ7qMp2cSh3kl5PTHXYvdxy','2019-12-01 19:53:13','2019-12-01 19:53:13'),(96,'Quemby Morrow','fujepuk@mailinator.net',NULL,'$2y$10$WRCkf5zjNH4FwCs8/uYpzeUg5IzRnAjmisH8uoSYaThJkCUVee0ai','khheDruhSaVlKGsaU2OAfZ1UJ3Da4ggvpqHfuHO2SXUBNMh8eh0MBaod2yEB','2019-12-01 20:35:53','2019-12-01 20:35:53'),(97,'Marcia Robertson','fijubucaf@mailinator.com',NULL,'$2y$10$QSJmnbIb3HS7SKaeHT30VuWDlV5i9K.NEgVuIPgymVDr7HekNrI.O',NULL,'2019-12-01 20:40:58','2019-12-01 20:40:58'),(98,'Gloria Sullivan','jenoricet@mailinator.net',NULL,'$2y$10$e5zWPN5VA0/DoaBVfykXsO8pUCaZb4YZVoiGSlgo1VzudprRrRxDe','G202OQMTJ8zvdOHKSdDTGYlC1GjZt3FBaYjvShikADXgCGtuPok4lbsUxYJT','2019-12-01 20:43:52','2019-12-01 20:43:52'),(99,'Harrison Winters','qylezome@mailinator.com',NULL,'$2y$10$rR8IC52izfkcjf/ZFlVVG.8aEJAruoUzVMA/fGMBj.gyanBim9Wt2','G5POELSwJ308vWQiwrZyFkr8BH1HHE2U7bAyNuufbMIC9G78CQfWxaFIUqPc','2019-12-01 20:44:40','2019-12-01 20:44:40'),(100,'Rhona Rutledge','tanaronina@mailinator.com',NULL,'$2y$10$n4u.3xmwHs79X9Pyq4enc.0.mujDdpfbx9OL22ZL.U.XnN0ptpF9m','TTEqbIL5EMgMo0ehpugfhMEukdB9HW5VSDI4XE75gL13IIdJWZsTjrOQwkWD','2019-12-01 20:59:47','2019-12-01 20:59:47'),(101,'Tanner Kramer','gokuxabul@mailinator.com',NULL,'$2y$10$n6IpKhyrir/2mxNQ6araC.3IutllMfb98A.vB7xB32NAaFSZz./Gu','Op0srTBBj1gYNAIxgmYopb7hnB5BwZKoJTBbE68V9pAKZcoAGePejGWRbZvt','2019-12-01 22:01:49','2019-12-01 22:01:49'),(102,'Hollee Perkins','domes@mailinator.net',NULL,'$2y$10$NJKAlpKoPICT.RMCOWPaIOkiQgLXyjh/WwOHGEdJOZwzFrTqpJgiO','kHEXtGF73OU22iiSGyy4Nm9rclXXcLaLM0jxQVyppVmJ8vXMsUNV9VJKC92Z','2019-12-01 22:08:03','2019-12-01 22:08:03'),(103,'Barry Beck','nixopenup@mailinator.net',NULL,'$2y$10$SVDCdxAdFxEUiX8E.t555eewMCgKa0j6S7LbJgqB8pMIm7/2jOj8a','b82Bt3uIl14cSsScNQYqy84SMacw5KRPK5hNE17L3mTRJSPMVfFtUtRcIn1A','2019-12-01 22:09:21','2019-12-01 22:09:21'),(104,'Philip Preston','zexy@mailinator.com',NULL,'$2y$10$Ts3QoxOm9Vpu9ZNaAjJROO1D31hYQspvpX9wDSIQO5hSL6VnHzHcK','oFhD8IjhRx97acRWhSdgitdftpHe4wYNbX5vnJlXepo3OUjU7IDTTWH5rnIM','2019-12-01 22:14:22','2019-12-01 22:14:22'),(105,'Aurora Byrd','togony@mailinator.net',NULL,'$2y$10$UA6im2ChWo0dpy8f7Xis0OSYR5s25HiDjLkpOH8ajrIoxpwIWLfHy','0vgDe3Par3aK5KPe51k377GgsFWFrCZY1HBZE3gofOhXIe3w5rUKV3mkOLCc','2019-12-01 22:17:43','2019-12-01 22:17:43'),(106,'firstname lastname','jmi050994@gmail.com',NULL,'$2y$10$penhKiLwX9mnK8MgZ4uecOAHPE51geCJ0naxvGZD4nsb/5uFe8F9a','8hL7WqH2eaLGyd1VU6xLR9QmQ4rgL7HXrGcI58Oly1h9OiKikDZquraGFEel','2019-12-01 22:23:29','2019-12-01 22:23:29'),(107,'Dylan Price','kuwifun@mailinator.com',NULL,'$2y$10$FL3gNMz07r5HH2ZhbK.QE.twBRlXO2CqVV0.KiSbwvcNviw3NIxMa','vJwCJNrrPNodPH5OzplMVemVucCBlhEkJZuMRLSpI5hJfnkHgUDMfnlIuLUi','2019-12-01 22:31:01','2019-12-01 22:31:01'),(108,'Quinn Ware','tuhigeq@mailinator.com',NULL,'$2y$10$5bUXscqM1g98Tm/sFggKH.kAA/90EIJ2B7Y8FULzmyTLugZM61gou','pyvVizGy0ilRW7q0JNotjhwjQmV7EAurzPxdrhB55IQR3Lt8AZjj8dgiruK8','2019-12-01 22:32:57','2019-12-01 22:32:57'),(109,'Isaiah Peterson','xonysequ@mailinator.net',NULL,'$2y$10$YxDRSvteFgnr9.n/225xAu/qS6Kntt1QBCGYzbgtbFV0./Ol2qHte','o6JQhWJJJhe7bzJ5zAODTJ06jF5azBFhtaWSAyNWqRSlvgi4CrhmASLW6ewi','2019-12-01 22:34:04','2019-12-01 22:34:04'),(110,'Cally Atkinson','jinur@mailinator.net',NULL,'$2y$10$wI9cKGO11c7c1lswhcxh6ebAyPkkdvcgTj6Wdz4uComBHqaKXP1xq','DTYv3pfKOlafNHL9TxnClHdSNCCHRA8o7hndLXYtwsH5XMilfRUyVDQCGZjP','2019-12-01 22:35:40','2019-12-01 22:35:40'),(111,'Kimberley Walls','ditaryfu@mailinator.com',NULL,'$2y$10$ajLAMi.zLNWH9MlFx90PP.CXaScgDtnjAbd6vRTe0doj.eanGcIIW','QAHFexMzaykevyUBnAM3glrWpVYzAsr8YGEIMPJLTr6gPdObsvbhdrDt5SZP','2019-12-01 22:39:53','2019-12-01 22:39:53'),(112,'asdad asdasd','sdadasdsdasd@gmail.com',NULL,'$2y$10$PL31gIT3IGwZJ2FCBFCN9.kf4x05xHYk7vVgVF0DmV6uU8Xf/QRMu','9gWlhu9dx50cX6vkpRgMKJCZLDtZrC5So5MLj8OGTO8aHuAdnmLAF9ebQYmk','2019-12-01 23:12:15','2019-12-01 23:12:15'),(113,'firstname lastname','email@email.com',NULL,'$2y$10$FIF3o5MsZLxvTYEsw.cEPO9dRpMm7yASdJAHokyeQ8kolvIcVJoQa','s4DaF2ukbjkDbzWOGwHgQU11KeXAR85ybo3IEjbAzH1gG3b6w4ZmWbnn9UTL','2019-12-01 23:33:49','2019-12-01 23:33:49'),(114,'Yuli Huff','lypykan@mailinator.com',NULL,'$2y$10$f0zMjNSeZlXvEHmgM/Rz2uYkbGzYdmnzUXxQPf4KInnCV1w2BY.62','CuC8DTNPC4pD6pfG06a0BHzJ4UBPXVjRfNqYo0sfXhJWUzkcfLqUBLsD4v15','2019-12-03 16:09:40','2019-12-03 16:09:40'),(115,'Otto Lawson','qawunowe@mailinator.net',NULL,'$2y$10$KYwekp36eq3xStsrVHP2COgeNwNPn/kJm/UjyF8p4LH3QGn.0gTjO','IXpL280Zq0Px10meJxoBDhW4b6ESxpd1ZG3OfE3745zkbjqq3l5V0ACrmphx','2019-12-03 18:42:33','2019-12-03 18:42:33'),(116,'Malcolm Rivas','zodecu@mailinator.net',NULL,'$2y$10$2xtt8Dhwhug6FJOxNdBTkOnflQ9iR95hwEoW4ImK1OqnJPpZySAZq','2hyjSqmvwgckuDwB0SpzRUNbsXBZvK4QsainurJ8ud9MfnWqHGpIPrMChPXZ','2019-12-03 19:10:57','2019-12-03 19:10:57'),(117,'Ria Bass','qalesoti@mailinator.net',NULL,'$2y$10$sS9eDwkL9kcKvhd/Zo0W9eASExYyHXzT8cJEEMk4f2NMcr5LQFzLi','JjYqpVQkIQL8M6k96CaIIjZjKHkvzesfNd44Xwl8qcC7EZ6svbRCRUWFHdm2','2019-12-04 10:09:40','2019-12-04 10:09:40'),(118,'Hope Ballard','mozejycime@mailinator.com',NULL,'$2y$10$jN5JoRj/TjnEduy6eJ31zu4K8pYAiBRixik31dGPPISgugW/z2pLW','YBYu1ZtkbcoPpomC4KuPlBkUqTkyzSwnvJlK3iPsOWLqrEjSdhPYdGtss2iC','2019-12-04 20:39:07','2019-12-04 20:39:07'),(119,'Ulla Brooks','fyqypelu@mailinator.net',NULL,'$2y$10$BNxk5X4Z79vhyd8lttcjEOlGOebdrh6QWToRV/OARqvmhZBuwwnhe','Z8rLE9ncHcp3oEbF4Fe6pVbAHE37zpNay327oqX2MpFOW4DFu2v61UN7Ngk7','2019-12-16 16:15:56','2019-12-16 16:15:56'),(120,'Elizabeth Butler','setiwyjoj@mailinator.net',NULL,'$2y$10$TQ/Jyz//YKCGGWPz3pGkmeZMISWjqLUs.F2L8TMkoHoxmLd2zCJQO','6xKWbtrpsFHTb1pDkIJcbrToXhfcyZnSklZrwYQRXPFhkCr61xYs7C3NOBIV','2019-12-16 16:18:15','2019-12-16 16:18:15'),(121,'Camden Bender','cavakycote@mailinator.com',NULL,'$2y$10$RS/bkX3GEfbsceCnQ1dD0.MmFjFWVggRmBMR79JGPaaURBvMbT4w6','h4VoCdxinMkqaqdd7fSnPNBKXbmGgnyaAlfrRVJBQLCVLIdKZKNTgHp4H8mA','2019-12-16 16:41:24','2019-12-16 16:41:24'),(122,'Hoover, Francesca','putuva@mailinator.net',NULL,'$2y$10$CoXl6T8kHsn4EYN7dwBCF.Tlx3B/JutK/w0kYQhdj/E.V2VWx1ptK',NULL,'2019-12-22 19:24:47','2019-12-22 19:24:47'),(123,'Megan Olsen','werobifof@mailinator.net',NULL,'$2y$10$sbgVg4jlnCY1a62yVc.iIuKPtTMT5j8ltVI0eg.IbgAY3QRPseNuG','kaXIiMPpO4baV6PIsggVLaBH9OtaBuTGBVFYMvszpQsvOdEMsMxnGgOR9Bi9','2019-12-28 10:16:12','2019-12-28 10:16:12'),(124,'Eugenia Davenport','mefojyzu@mailinator.com',NULL,'$2y$10$6ffDcITsbp5QqaNE27yXSeDiOrrsudW5FIIazzWdI68TfODuEkHUK','jV9zZoXIhbCCs4JGT63N9cIYbmiv7QgBth6ooIm4UE5sHSCxiV5KcrxO6eQU','2019-12-28 18:54:11','2019-12-28 18:54:11');

/*!40101 SET SQL_MODE=@OLD_SQL_MODE */;
/*!40014 SET FOREIGN_KEY_CHECKS=@OLD_FOREIGN_KEY_CHECKS */;
/*!40014 SET UNIQUE_CHECKS=@OLD_UNIQUE_CHECKS */;
/*!40111 SET SQL_NOTES=@OLD_SQL_NOTES */;
